,0,1,2,3,4,5,6,7,8,9,10,11,12,13,14,15,16,17,18,19,20,21,22,23,24,25,26,27,28,29,30,31,32,33,34,35,36,37,38,39,40,41,42,43,44,45,46,47,48,49
0,0.0,1.0,1.0,1.0,,0.67,0.33,0.67,1.0,0.33,0.67,,,0.33,0.67,,,0.0,,,,,,1.0,0.0,0.33,,1.0,,0.0,0.0,1.0,,,0.33,0.0,,1.0,,1.0,1.0,0.33,,,,0.0,0.67,0.0,,0.33
1,,,,1.0,0.67,1.0,,1.0,1.0,0.0,1.0,0.0,0.33,,,0.33,1.0,,0.67,0.33,0.33,,0.0,1.0,,0.0,0.33,1.0,1.0,,0.0,1.0,,1.0,,,0.33,,,1.0,1.0,,0.67,1.0,,,0.67,,0.0,
2,0.0,1.0,,,0.67,0.67,0.33,,,0.33,1.0,,0.33,0.33,0.67,0.33,1.0,,0.67,0.33,,0.0,0.0,,0.0,0.33,,,1.0,,,1.0,,,0.33,0.0,0.33,,,1.0,1.0,0.33,0.67,1.0,,,0.67,,0.0,
3,,,,,,1.0,,,1.0,0.33,,0.0,0.33,,,0.33,1.0,,0.67,,0.67,0.0,0.0,1.0,0.0,0.33,0.33,1.0,1.0,0.0,,1.0,,,0.33,0.0,0.33,,,0.67,,0.33,0.67,,0.0,0.0,,0.0,0.0,0.33
4,0.0,1.0,1.0,,,1.0,0.33,,1.0,0.33,1.0,,0.33,0.33,,,1.0,,0.67,,,,,1.0,0.0,0.33,,,,0.0,0.0,1.0,0.0,1.0,0.33,0.0,0.33,,1.0,1.0,1.0,0.33,,1.0,0.0,,0.67,,,
6,,,,1.0,0.67,1.0,0.0,0.67,1.0,,1.0,0.0,,,,0.33,,0.0,0.67,0.33,,0.0,0.0,,0.0,,,1.0,1.0,0.0,,1.0,0.0,1.0,0.33,,,1.0,1.0,,1.0,,0.67,1.0,,0.0,,0.0,0.0,
7,,,1.0,1.0,0.33,1.0,,,,,,0.0,,0.33,1.0,0.33,1.0,0.0,,0.33,,0.0,,,0.0,0.33,0.33,,,0.0,0.0,1.0,,,0.33,0.0,,,1.0,1.0,1.0,0.33,0.67,1.0,0.0,0.0,,0.0,0.0,
8,0.0,1.0,1.0,,0.67,,,0.67,1.0,0.33,1.0,,,,0.67,,1.0,,1.0,0.33,,0.0,0.0,1.0,0.0,,,,,0.0,,1.0,,1.0,0.33,0.0,0.33,1.0,1.0,,1.0,0.33,0.67,,0.0,0.0,,,0.0,
10,,1.0,,,0.67,,0.33,0.67,,0.33,,0.0,0.33,0.33,0.67,0.33,1.0,,0.67,,,,0.0,,0.0,0.33,0.33,,,0.0,0.0,1.0,,,0.33,,,1.0,1.0,1.0,1.0,,0.67,1.0,0.0,,0.67,0.0,0.0,
11,0.0,1.0,,1.0,0.33,,,,,,0.67,0.0,0.67,0.33,,,,,0.67,,0.67,,0.0,1.0,0.0,0.33,,1.0,1.0,,0.0,0.67,0.0,,0.0,0.0,,,1.0,,,0.33,1.0,,0.0,0.33,1.0,0.0,0.0,0.0
13,,,1.0,1.0,,,0.0,1.0,1.0,,1.0,0.0,,0.33,,,1.0,0.0,0.67,0.0,0.67,,,,0.0,0.33,,,,0.0,,0.67,,1.0,0.33,0.0,0.0,1.0,1.0,,1.0,,,1.0,0.0,,0.67,0.0,0.0,0.0
14,,,,1.0,,1.0,0.0,0.67,1.0,,0.67,0.0,,0.33,,0.33,1.0,,0.67,,0.67,0.0,,1.0,0.0,0.33,0.33,1.0,,0.0,0.0,1.0,0.0,1.0,,,0.33,,1.0,,,,0.67,1.0,,,,0.0,0.0,0.0
15,0.0,1.0,1.0,1.0,,,0.0,0.33,1.0,0.33,0.67,,,,1.0,0.33,1.0,,0.67,0.33,0.67,,0.0,1.0,,,0.33,,,0.0,,1.0,,1.0,0.33,,0.33,,,,,,0.67,1.0,0.0,0.0,0.67,,0.0,0.33
17,0.0,,,1.0,0.33,1.0,0.0,,1.0,0.0,1.0,,0.33,0.33,1.0,,1.0,,0.67,,0.67,,,,,0.33,,1.0,1.0,0.0,0.0,,0.0,1.0,0.33,0.0,0.33,,1.0,,1.0,,,1.0,0.0,0.0,0.67,,,
18,0.0,,,0.67,0.67,0.67,,,1.0,0.33,1.0,0.0,0.33,,0.67,0.67,1.0,0.0,1.0,,,0.0,,1.0,0.0,,,,1.0,,,,,1.0,,,,1.0,,1.0,0.67,,0.33,1.0,0.0,0.0,0.33,0.0,0.0,0.33
19,0.0,1.0,1.0,1.0,0.67,0.67,,,1.0,0.33,1.0,0.0,,0.0,,,1.0,,,,0.33,,,,0.0,0.0,,1.0,1.0,0.0,0.0,,0.0,,,0.0,0.33,,1.0,1.0,1.0,0.0,,1.0,0.0,,,0.0,0.0,
20,,1.0,1.0,1.0,0.33,,0.0,,,0.33,,0.0,0.67,0.33,1.0,0.33,1.0,,,0.33,,,,1.0,0.0,0.33,0.33,,,0.0,,,,0.67,,0.0,0.0,1.0,1.0,0.67,1.0,0.33,0.67,,,,0.67,0.0,,0.33
21,0.0,,,0.67,0.67,,,0.33,,0.33,,,0.33,0.0,0.67,0.67,1.0,0.0,,0.33,0.33,0.0,0.0,,0.0,0.33,,1.0,1.0,,0.0,1.0,0.0,1.0,,0.0,0.33,,,0.67,,0.0,,,,0.0,,0.0,0.0,
22,,1.0,,1.0,,1.0,0.0,0.67,1.0,0.0,0.67,0.0,,0.67,1.0,0.0,,0.0,,0.0,0.67,0.0,0.0,1.0,0.0,0.33,0.0,1.0,1.0,,0.33,,,,,0.0,0.0,1.0,1.0,,1.0,,1.0,,,,,,,
23,,1.0,1.0,1.0,,,0.0,,,0.0,1.0,,0.67,0.33,,,1.0,0.0,,,,0.0,0.0,1.0,0.0,0.33,0.0,1.0,,,0.0,0.67,,,0.33,,0.0,,1.0,,,0.33,1.0,1.0,0.0,0.0,1.0,0.0,,0.0
24,0.0,1.0,,1.0,0.33,1.0,,0.67,1.0,,,0.0,,0.33,,0.0,,,,,0.67,0.0,,,,,,1.0,1.0,,0.0,0.67,,1.0,0.33,,0.0,,1.0,1.0,1.0,0.33,,1.0,0.0,0.0,0.67,0.0,0.0,0.0
25,0.0,1.0,1.0,,,1.0,,0.67,,,,0.0,,,1.0,,1.0,0.0,,0.33,,0.0,,1.0,0.0,,,,1.0,0.0,0.0,0.67,0.0,1.0,,0.0,0.0,1.0,1.0,0.67,1.0,0.33,,1.0,0.0,,1.0,,0.0,
28,,1.0,,,0.67,,0.33,,1.0,0.33,1.0,,,,0.67,,1.0,,1.0,0.33,,0.0,,1.0,,0.0,0.33,1.0,,0.0,,1.0,0.0,,0.67,0.0,0.33,,,1.0,,0.0,,1.0,0.0,0.0,0.33,0.0,0.0,0.33
29,0.0,1.0,1.0,0.67,,,0.33,0.33,1.0,,,0.0,0.33,,,0.33,1.0,,1.0,0.33,,,,,0.0,,,,,0.0,0.0,1.0,0.0,,0.67,,0.33,1.0,,1.0,0.67,0.0,0.33,1.0,0.0,,0.33,0.0,,0.33
30,0.0,1.0,1.0,,,,,,1.0,0.33,,0.0,0.67,,1.0,0.0,1.0,0.0,0.67,0.33,0.67,0.0,,1.0,0.0,0.33,0.33,,,,0.33,0.67,0.0,,0.0,0.0,,1.0,,,,0.33,,1.0,0.0,,,0.0,,0.0
31,,1.0,1.0,0.67,,0.67,0.33,,,,,0.0,0.33,,,0.33,,0.0,0.67,0.33,0.67,0.0,0.0,1.0,0.0,,0.33,,1.0,,,,0.0,0.67,0.33,,,,0.67,,0.67,0.33,0.67,,0.0,,0.67,0.0,0.0,0.33
32,,1.0,,0.67,,0.67,0.33,0.33,,,0.67,,,,,0.33,1.0,0.0,,0.33,,,0.0,1.0,,0.33,,,1.0,0.0,0.0,1.0,0.0,,0.33,0.0,0.33,1.0,1.0,0.67,,0.33,,1.0,0.0,0.0,,0.0,0.0,
33,,1.0,,,,,0.33,,1.0,0.33,0.67,0.0,0.33,,1.0,0.33,,0.0,,0.33,0.67,0.0,0.0,1.0,0.0,0.33,0.33,,1.0,0.0,0.0,1.0,0.0,,0.33,,0.33,,,,1.0,,,1.0,,0.0,,0.0,,0.33
34,0.0,,1.0,1.0,0.33,1.0,,,1.0,0.0,,0.0,0.67,,1.0,0.0,1.0,,,,,0.0,0.0,1.0,,,,1.0,1.0,,,0.67,0.0,,0.0,0.0,0.0,,1.0,1.0,,0.33,,1.0,0.0,0.33,1.0,0.0,,
35,,,1.0,1.0,,1.0,,0.67,1.0,,,0.0,,0.33,1.0,,1.0,0.0,0.67,0.33,0.67,0.0,0.0,1.0,0.0,0.33,0.33,,1.0,0.0,0.0,,,,,0.0,0.0,1.0,1.0,,1.0,0.33,,1.0,,0.0,,,,
36,,1.0,1.0,1.0,0.67,,,0.67,1.0,0.33,1.0,0.0,0.33,,,0.33,1.0,0.0,0.67,0.33,0.33,,,1.0,0.0,0.33,0.33,1.0,1.0,,,,,1.0,,0.0,,,,,1.0,0.33,0.67,1.0,,0.0,,,,0.0
39,,,1.0,,,,,0.33,1.0,0.33,,0.0,,0.33,1.0,0.33,1.0,0.0,0.67,,,,0.0,,0.0,,0.33,1.0,1.0,0.0,0.33,0.67,,,0.0,,,1.0,1.0,0.67,,0.33,0.67,,0.0,0.33,1.0,0.0,0.0,
40,,1.0,1.0,1.0,0.67,0.67,0.33,0.67,,0.0,1.0,0.0,,0.33,0.67,0.33,1.0,,,,0.33,0.0,,1.0,,,,1.0,1.0,,0.0,1.0,0.0,,0.33,0.0,,1.0,1.0,,,0.33,,,,,0.67,0.0,0.0,
41,0.0,,,,0.33,1.0,,,1.0,0.0,0.67,0.0,0.67,0.33,1.0,,1.0,,0.67,0.33,,,0.0,1.0,0.0,,,1.0,1.0,,,,0.0,1.0,0.33,,,,,,1.0,0.33,1.0,1.0,0.0,0.0,1.0,0.0,,0.0
42,0.0,1.0,,,0.33,,,0.67,1.0,0.0,,,,,1.0,0.0,1.0,,,0.0,,,0.0,,0.0,0.33,0.0,1.0,1.0,,0.0,0.67,0.0,1.0,0.0,0.0,0.0,,,1.0,1.0,,1.0,1.0,0.0,0.33,1.0,,,
43,0.0,1.0,1.0,0.67,,0.67,,0.67,1.0,,1.0,,0.33,0.0,,,,0.0,,0.33,,,0.0,1.0,,,,1.0,1.0,,0.0,1.0,,,,0.0,0.33,,1.0,1.0,,0.0,0.67,,0.0,0.0,0.33,0.0,0.0,0.33
44,0.0,1.0,1.0,0.67,0.67,0.67,0.33,,,0.33,0.67,,,,0.67,,1.0,,1.0,,0.33,0.0,0.0,,,0.33,0.33,,,0.0,,,,0.67,0.33,0.0,,1.0,,0.67,,0.33,,1.0,0.0,0.0,0.33,,0.0,0.33
46,0.0,1.0,,,,,0.33,,1.0,,0.67,0.0,0.33,,0.67,,,0.0,1.0,0.33,,,0.0,1.0,0.0,,0.33,,1.0,0.0,0.0,1.0,0.33,,0.67,,0.33,1.0,0.67,,0.67,,0.33,,,,0.33,0.0,0.0,0.33
47,,1.0,1.0,1.0,0.67,0.67,0.33,0.33,1.0,,,,0.33,0.33,0.67,0.33,1.0,,,,0.67,,,,0.0,,0.33,1.0,1.0,,,1.0,0.0,1.0,0.33,,0.33,,1.0,,,,0.67,1.0,0.0,0.0,0.67,,,0.33
48,0.0,,1.0,,0.33,1.0,0.0,0.67,1.0,,,0.0,0.67,0.33,1.0,0.33,1.0,,,0.33,,,0.0,,,,0.33,1.0,,0.0,0.0,,,1.0,,0.0,0.0,1.0,,0.67,1.0,,0.67,1.0,,,0.67,,0.0,0.0
49,0.0,1.0,1.0,0.67,,0.67,,0.33,1.0,,,,0.33,0.33,,0.33,1.0,0.0,1.0,,0.33,0.0,0.0,1.0,0.0,0.33,0.33,1.0,,,0.0,,,,0.33,,0.33,1.0,1.0,0.67,1.0,,,,,,,0.0,,0.33
50,,0.67,1.0,,,,0.33,0.0,1.0,,0.67,0.0,0.33,0.33,,,,0.0,,0.33,0.33,0.0,,,0.0,0.33,0.33,,1.0,0.0,,1.0,0.0,0.67,,,,1.0,0.67,0.67,0.67,,,,0.33,0.0,,0.0,0.0,0.33
51,0.0,,1.0,1.0,0.67,1.0,,0.67,1.0,0.0,,,,,,,,0.0,0.67,0.33,,0.0,0.0,1.0,0.0,,0.33,,1.0,0.0,,,0.0,1.0,0.33,0.0,0.33,,1.0,,1.0,0.33,,1.0,0.0,,0.67,0.0,,
53,,1.0,,0.67,,,,,1.0,0.33,0.67,,0.33,,0.67,,1.0,,,,0.33,0.0,0.0,1.0,0.0,0.33,0.33,1.0,,0.0,0.0,1.0,0.0,,,,,1.0,0.67,0.67,,0.33,0.33,1.0,0.0,0.0,,,0.0,0.33
54,,,,1.0,0.33,,0.0,,1.0,,1.0,,0.33,0.33,1.0,0.0,1.0,,0.67,0.0,0.67,0.0,,1.0,,,0.33,1.0,,0.0,,0.67,0.0,,0.33,,0.0,,1.0,1.0,1.0,,,,0.0,,1.0,0.0,0.0,0.0
55,,1.0,1.0,1.0,,1.0,,,1.0,0.33,,0.0,0.67,,,0.33,1.0,,0.67,,0.67,0.0,0.0,1.0,0.0,,,1.0,1.0,,,1.0,0.0,0.67,,,0.0,1.0,1.0,0.67,,,,1.0,0.33,0.33,,0.33,0.0,
56,,1.0,,,0.33,,,,,0.0,1.0,,,,,,1.0,0.0,0.67,,0.67,0.0,0.0,,0.0,0.33,0.33,1.0,,0.0,0.0,0.67,0.0,1.0,,,0.0,1.0,,1.0,,0.33,1.0,1.0,0.0,0.0,0.67,0.0,0.0,
57,,,1.0,,0.67,0.67,0.33,0.33,1.0,0.33,,,0.33,0.33,,,1.0,,,0.33,,,0.0,,,,0.33,,1.0,0.0,0.0,1.0,,1.0,0.33,,0.33,1.0,,,,0.33,0.67,1.0,0.0,0.0,0.33,0.0,0.0,0.33
58,,1.0,1.0,0.67,0.67,0.67,,0.33,,0.33,0.67,0.0,0.33,0.33,,,,0.0,1.0,0.33,,0.0,0.0,1.0,0.0,0.33,,,,,,1.0,,,0.33,0.0,0.33,1.0,0.67,,,,,1.0,0.0,,0.33,,0.0,0.33
59,0.0,1.0,1.0,,,0.67,0.33,,1.0,0.33,,,,,0.67,,1.0,0.0,1.0,,0.33,,,1.0,,0.33,0.33,,1.0,0.0,0.0,1.0,,1.0,,0.0,0.33,1.0,1.0,0.67,,,0.67,1.0,0.0,0.0,,,,0.33
60,,0.67,0.0,0.0,,0.0,0.67,0.0,0.67,,0.33,,,0.0,,,0.33,0.33,1.0,,0.0,0.0,,0.0,0.0,0.33,1.0,1.0,0.0,,,1.0,,0.0,,,1.0,1.0,0.33,,,0.0,,0.67,0.33,,,0.0,0.0,
61,,,,0.0,,0.0,0.67,0.0,0.33,1.0,0.33,0.33,0.0,,,,,,,0.67,0.33,0.0,,0.0,,,1.0,1.0,0.0,0.67,0.67,1.0,1.0,0.0,,0.0,,,0.33,0.33,,0.0,0.0,0.33,0.67,0.0,,,0.0,
62,,,,,1.0,0.0,0.67,0.0,,1.0,0.33,0.33,0.0,0.0,0.33,1.0,,,1.0,,,0.0,0.0,,0.0,0.33,,,0.0,,,1.0,,0.0,0.67,0.0,1.0,1.0,,,0.0,0.0,0.0,,0.67,0.0,,0.33,,0.67
63,,0.33,0.0,0.0,1.0,,0.67,0.0,,1.0,0.33,,0.0,,0.0,,0.33,,,0.67,0.33,,0.0,0.0,0.0,,1.0,1.0,,,0.33,1.0,1.0,,,,,1.0,0.33,0.33,0.0,0.0,,0.67,,,0.0,0.0,0.0,
64,0.0,0.67,0.33,0.0,1.0,0.33,,0.0,,0.67,0.33,0.0,,,,1.0,0.67,0.67,,0.67,0.33,0.0,,0.0,,,,,0.0,,0.33,,1.0,0.0,0.67,,0.67,,,0.67,,0.0,0.0,0.67,0.33,,0.0,,,0.67
65,0.0,0.67,0.33,,1.0,0.33,0.67,,,0.67,,,0.0,0.0,,,0.67,0.67,,0.67,0.33,,0.0,0.0,0.0,0.33,,1.0,0.0,0.33,,1.0,1.0,,,0.0,0.67,1.0,0.33,,0.33,0.33,,0.67,0.67,,,,,
66,0.0,0.67,0.0,,,,,0.0,0.67,1.0,,0.0,0.0,,,,0.33,,,0.67,0.33,,,0.0,0.0,,1.0,1.0,0.0,,0.33,1.0,1.0,,0.67,,,1.0,0.33,0.67,0.0,0.0,,0.67,0.67,0.0,0.0,,0.0,
68,0.0,,0.0,0.0,,0.0,,,0.67,,0.67,,0.0,0.0,0.0,1.0,0.67,0.33,,0.67,,0.0,0.0,,,0.0,1.0,1.0,,1.0,,1.0,1.0,0.33,,0.0,1.0,,,,,0.0,0.0,0.67,,0.0,0.0,,,0.67
69,,,0.0,0.0,1.0,,,0.0,0.33,1.0,0.33,,0.0,0.0,0.0,1.0,0.33,0.67,1.0,1.0,,0.0,0.0,0.0,0.0,,,,0.0,1.0,,1.0,,0.0,0.67,0.0,,,0.33,,0.0,,0.0,0.33,,,,0.0,,
70,,0.67,0.33,,1.0,0.33,0.67,0.0,,1.0,0.33,,0.0,,0.33,1.0,0.33,0.67,1.0,,,,,,0.0,,,1.0,,0.67,,1.0,1.0,0.0,0.67,0.0,0.67,,0.33,0.67,0.33,,,0.67,,0.0,0.0,,,0.67
72,,0.33,0.0,,,0.0,0.67,0.0,0.33,,0.33,0.33,0.0,0.0,,,,0.67,,0.67,,0.0,0.0,0.0,0.0,0.33,,1.0,0.0,1.0,0.67,,,0.0,,0.0,,1.0,0.33,,,0.0,0.0,,,,0.0,0.33,0.0,
74,,,,0.33,1.0,,0.67,,,0.67,0.67,,0.0,,0.33,1.0,0.67,,1.0,,0.33,0.0,0.0,,0.0,0.33,0.67,1.0,,0.33,0.0,1.0,1.0,0.33,0.67,0.0,0.67,,,0.67,,,0.0,0.67,0.33,0.0,,,,
75,,0.67,0.0,0.0,1.0,,,0.0,0.67,1.0,0.33,0.0,0.0,,0.0,1.0,0.33,,1.0,0.67,0.33,,,0.0,,,,,0.0,0.67,,1.0,,0.0,0.67,,1.0,,,0.67,0.33,0.0,0.0,,0.33,0.0,0.0,,,
76,,,,0.33,,,0.67,,1.0,0.67,0.67,0.0,0.0,0.0,0.33,,,0.0,1.0,0.67,0.0,,0.0,,0.0,,0.67,1.0,0.0,,0.0,1.0,1.0,0.67,0.67,0.0,0.67,,,0.67,0.33,,,1.0,,0.0,,,,0.67
79,,,,0.0,1.0,0.0,1.0,0.0,0.67,,,0.0,0.0,0.0,0.0,,,0.33,1.0,0.67,0.0,,0.0,0.33,0.0,0.0,,1.0,0.0,1.0,,1.0,,,,0.0,,,,0.67,0.33,0.0,,0.67,0.0,0.0,,0.0,,
80,0.0,0.33,,,1.0,,0.67,,0.33,1.0,,,,,,1.0,0.33,0.67,,0.67,,0.0,,0.0,0.0,,,1.0,0.0,0.67,0.67,1.0,1.0,,0.67,,0.67,1.0,0.33,0.33,0.0,,0.0,0.33,0.67,,0.0,0.33,,
81,0.0,,0.0,0.0,1.0,,1.0,0.0,,,,0.0,0.0,0.0,,1.0,,,,0.67,0.0,,0.0,,0.0,0.33,1.0,,,,0.33,1.0,1.0,0.0,,,1.0,1.0,0.33,0.67,0.0,,,0.67,0.33,,0.0,,0.0,0.67
82,0.0,0.67,0.33,,1.0,,,,,,0.33,0.0,0.0,,,1.0,0.67,,1.0,0.67,,,,0.0,,0.33,0.67,1.0,,,0.33,1.0,1.0,0.0,0.67,0.0,0.67,,,0.67,,0.0,0.0,0.67,,,0.0,0.0,0.0,0.67
83,0.0,0.67,0.33,0.33,1.0,,,0.0,0.67,0.67,,,0.0,0.0,,,,,,0.67,,0.0,0.0,0.33,,0.33,0.67,,0.0,,0.33,1.0,1.0,,,,0.67,,0.33,0.67,0.33,0.0,0.0,0.67,0.33,,,,0.0,0.67
84,0.0,,,0.0,1.0,0.0,,0.0,,1.0,0.33,0.33,,0.0,,1.0,0.33,0.67,1.0,0.67,0.33,,0.0,0.0,,0.33,0.67,1.0,,0.67,,,,,,,0.67,1.0,0.33,0.33,0.0,,,0.67,,0.0,,,0.0,0.67
85,0.0,,,0.33,,,,0.0,0.67,0.67,0.33,0.0,,0.0,0.33,,0.67,,,0.67,0.33,,0.0,,0.0,,,,0.0,0.33,0.33,,1.0,0.0,,0.0,0.67,1.0,0.33,0.67,,,,0.67,0.67,0.0,0.0,0.0,,0.67
86,0.0,,,,,0.33,0.67,,0.67,,0.33,0.0,0.0,0.0,0.33,1.0,0.33,0.67,,,0.33,0.0,,,,,0.67,,0.0,,0.67,1.0,,0.0,0.67,0.0,,1.0,0.33,0.33,,0.33,0.0,,0.67,,,0.33,0.0,0.67
88,0.0,0.67,,,,,0.67,0.0,,1.0,0.33,0.0,,,0.0,,,0.33,,0.67,0.0,,0.0,0.0,,0.33,,,,0.67,0.33,1.0,1.0,,,0.0,1.0,,,0.67,0.0,0.0,0.0,0.67,0.33,0.0,,0.0,0.0,0.67
89,,0.67,,0.0,1.0,,,,0.67,1.0,,0.0,0.0,0.0,0.33,1.0,0.33,0.67,1.0,,,0.0,0.0,0.0,0.0,,1.0,,0.0,0.67,0.33,,,0.0,0.67,,,1.0,,,,,,0.67,,0.0,0.0,0.0,0.0,0.67
92,0.0,0.67,,,,0.33,,0.0,0.67,0.67,0.33,0.0,,,0.33,,0.67,0.33,1.0,,0.33,,0.0,0.33,,0.33,0.67,,0.0,0.67,0.33,,1.0,0.33,,,0.67,1.0,0.33,,,0.0,,,0.33,0.0,0.0,0.0,,
96,,,,0.0,1.0,0.0,1.0,0.0,,,,0.33,0.0,0.0,,1.0,,0.67,1.0,1.0,,0.0,0.0,,,0.33,1.0,1.0,,,0.33,1.0,1.0,,0.67,0.0,1.0,1.0,,0.33,0.0,0.0,,,0.67,,0.0,0.0,,
99,0.0,,,,,,1.0,0.0,0.33,1.0,0.33,,,0.0,0.0,,,0.67,,,0.0,,0.0,0.0,0.0,0.33,,,0.0,1.0,0.33,1.0,,0.0,,0.0,1.0,,0.33,0.33,0.0,0.0,,0.33,0.67,0.0,0.0,0.0,,
100,0.0,,0.0,0.0,,,,0.0,0.33,1.0,,0.33,0.0,0.0,0.0,,0.33,0.67,1.0,,0.0,,,0.0,0.0,,1.0,1.0,0.0,1.0,,1.0,,,0.67,,,1.0,,0.33,0.0,,0.0,,,0.0,,0.0,0.0,1.0
101,,0.67,0.0,,1.0,0.0,1.0,0.0,0.67,1.0,0.33,0.0,,0.0,,,0.33,,1.0,0.67,0.0,0.0,,,,,1.0,,,,0.33,1.0,1.0,,0.67,,1.0,1.0,0.33,,0.0,,,0.67,0.33,,0.0,,0.0,0.67
102,0.0,,0.0,0.0,,0.0,0.67,0.0,,1.0,,,0.0,0.0,0.0,,0.33,,1.0,,0.0,0.0,0.0,,0.0,,,1.0,,,0.33,,1.0,0.0,0.67,,1.0,,0.33,0.67,,0.0,,0.67,0.33,,0.0,0.0,,0.67
104,0.0,0.67,0.0,0.0,,,0.67,,,,0.33,0.0,0.0,0.0,0.33,,,,1.0,,0.33,0.0,0.0,,,,0.67,1.0,0.0,0.67,0.33,,1.0,0.0,,0.0,,1.0,0.33,0.67,,,,,0.33,0.0,0.0,,0.0,0.67
105,,0.33,0.0,0.0,1.0,,,0.0,0.33,1.0,0.33,0.33,0.0,0.0,0.33,,,,,0.67,0.33,,,0.0,0.0,0.33,0.67,,,0.67,0.67,,1.0,,0.67,0.0,0.67,1.0,,0.33,0.0,,,,0.67,0.0,,,0.0,
106,0.0,0.67,0.0,0.0,,0.0,0.67,,,0.67,,,0.0,0.0,0.0,,0.67,,1.0,0.67,0.0,0.0,0.0,0.0,,,1.0,,0.0,,0.0,1.0,1.0,0.33,,0.0,1.0,1.0,,0.67,,,,0.67,0.33,,,0.0,,
108,,0.67,,0.0,,0.0,,,0.67,1.0,0.33,0.0,0.0,0.0,0.0,,0.33,0.67,,0.67,,,0.0,0.0,0.0,,1.0,,,1.0,,1.0,,0.0,1.0,,,,0.33,0.67,0.0,0.0,,0.67,0.33,0.0,0.0,,0.0,
109,,0.67,0.33,0.33,1.0,0.0,0.67,0.0,,0.67,0.67,,0.0,,,,0.67,,,,0.33,,0.0,0.33,,0.33,0.67,1.0,0.0,0.67,0.0,1.0,,0.33,0.67,,,,0.33,0.67,0.33,0.0,0.0,0.67,,,,0.0,,
110,,,,,1.0,0.0,0.67,0.0,0.67,,,0.0,,,,1.0,0.67,0.33,1.0,,0.0,,0.0,,0.0,,,1.0,0.0,,,1.0,,0.33,0.67,0.0,1.0,,0.33,0.67,,0.0,,0.67,0.33,0.0,0.0,0.0,0.0,0.67
111,,,0.0,,1.0,0.0,1.0,0.0,0.33,1.0,0.33,0.0,,0.0,0.0,1.0,0.33,0.67,,,0.0,0.0,0.0,0.0,,,,1.0,,1.0,0.33,,1.0,0.0,1.0,,,1.0,,0.67,,0.0,,0.67,,0.0,,,,0.67
112,0.0,,0.33,0.33,,,0.67,,0.67,,0.33,0.0,0.0,0.0,,1.0,0.67,0.33,1.0,0.67,,0.0,0.0,,0.0,,,1.0,0.0,0.67,,,1.0,,,0.0,0.67,,,,0.33,,0.0,0.67,0.33,0.0,,,0.0,0.67
113,,0.67,,0.0,1.0,,1.0,,0.67,1.0,0.33,0.0,0.0,,,1.0,0.33,,,1.0,0.0,,,,0.0,0.33,,1.0,,1.0,0.33,,1.0,0.0,,0.0,,1.0,,0.67,,,0.0,0.67,0.33,0.0,,0.0,0.0,0.67
114,0.0,0.33,0.0,,1.0,,,0.0,,,0.33,,,0.0,0.0,1.0,,0.67,,,0.33,0.0,,0.0,0.0,,,1.0,0.0,,,,,0.0,,0.0,1.0,1.0,0.33,0.33,0.0,,0.0,0.33,0.67,0.0,0.0,,0.0,1.0
115,0.0,,,,1.0,,0.67,,,1.0,0.67,0.0,,0.0,0.0,1.0,0.33,0.33,1.0,,0.0,,,,0.0,,1.0,1.0,,1.0,,1.0,1.0,,0.67,0.0,1.0,1.0,,0.67,0.0,,,0.67,0.33,0.0,0.0,0.0,,
117,0.0,0.33,,0.0,,0.0,1.0,,,,0.33,0.33,0.0,0.0,,1.0,0.33,,1.0,1.0,,,,0.0,,,1.0,1.0,,1.0,,,,0.0,,,1.0,1.0,0.33,0.67,0.0,,0.0,0.33,0.67,0.0,0.0,0.0,0.0,
118,0.0,0.33,0.0,0.0,1.0,0.0,,,,,,,0.0,,,,0.33,0.67,,1.0,0.33,,0.0,0.0,0.0,0.33,,1.0,0.0,1.0,0.67,,1.0,0.0,,0.0,1.0,,,0.33,0.0,0.0,,0.33,,0.0,,,0.0,1.0
119,,0.33,,,1.0,0.0,,,,1.0,,,0.0,0.0,,1.0,0.0,1.0,1.0,1.0,,,0.0,0.0,,0.33,1.0,,0.0,,,1.0,1.0,0.0,0.67,0.0,1.0,,0.0,0.33,,0.0,0.0,0.0,1.0,,0.0,0.67,,
120,1.0,0.67,1.0,,0.0,,,0.0,,0.67,,0.33,1.0,0.67,,,0.67,,0.33,0.33,1.0,,0.0,0.33,0.67,0.67,0.33,,1.0,0.0,1.0,,0.0,,0.0,1.0,0.0,0.33,,,,1.0,0.67,,,,1.0,,,0.33
121,,,,1.0,,1.0,0.0,,1.0,,,,0.67,0.67,1.0,,,0.33,0.33,0.0,1.0,0.67,0.0,1.0,0.33,,0.0,0.67,,0.0,,,0.0,0.33,0.0,0.0,0.0,0.67,,,1.0,,1.0,,,,1.0,0.67,0.33,0.33
123,1.0,0.67,1.0,1.0,0.0,,,0.0,0.67,,,0.0,,1.0,1.0,,1.0,,0.0,0.0,1.0,1.0,,,0.67,,,,1.0,0.0,,0.33,,,,1.0,0.0,0.0,,0.33,1.0,1.0,1.0,0.67,,1.0,1.0,1.0,,
124,1.0,,1.0,1.0,,1.0,,,,0.67,,0.33,1.0,1.0,1.0,,,0.67,,,1.0,1.0,0.0,0.33,0.67,1.0,,0.0,1.0,,,0.67,0.0,,,,,0.0,0.67,0.33,0.67,1.0,,,1.0,1.0,1.0,1.0,,0.33
125,1.0,,1.0,1.0,0.0,1.0,0.0,,0.67,,0.0,,1.0,1.0,1.0,,,0.67,0.33,,1.0,,0.0,0.67,0.67,0.67,,0.0,1.0,,1.0,0.67,,,0.0,1.0,0.0,,0.67,0.33,,,,0.67,,1.0,1.0,,,
127,1.0,0.67,1.0,,0.0,1.0,0.0,,1.0,0.33,,,1.0,,1.0,0.0,1.0,,0.33,0.0,,1.0,,1.0,,0.67,,0.0,1.0,,,0.33,0.0,,,0.67,0.0,0.33,,0.33,,1.0,,0.67,,,,1.0,0.67,0.33
128,1.0,,,,0.0,1.0,,,,0.33,,0.0,1.0,1.0,1.0,0.0,,0.67,,0.0,,1.0,0.0,,0.67,1.0,0.0,0.0,,0.0,1.0,0.33,,,0.0,,,0.33,,0.33,1.0,,1.0,0.67,1.0,1.0,1.0,,,0.0
129,,,,1.0,0.0,,,0.0,0.67,0.33,0.0,,1.0,,,,,0.33,,0.0,1.0,1.0,0.0,1.0,0.67,0.67,0.0,0.0,1.0,,1.0,,0.0,,0.0,,0.0,,0.67,,1.0,1.0,1.0,0.67,,1.0,,1.0,0.67,
130,,,,,,,0.0,,0.67,0.33,0.0,,1.0,1.0,1.0,,1.0,0.67,,0.0,1.0,1.0,0.0,0.67,1.0,1.0,0.0,0.0,1.0,,1.0,0.33,,0.0,0.0,1.0,,0.0,,,,1.0,,0.67,,,1.0,1.0,,0.33
131,,0.67,1.0,1.0,0.0,1.0,,0.0,,,0.33,,1.0,1.0,1.0,0.0,1.0,0.33,,0.0,1.0,1.0,0.0,1.0,0.67,,0.0,0.0,1.0,0.0,,0.33,,,0.0,0.67,,,,,,,,,1.0,,1.0,,0.67,0.33
132,1.0,0.67,1.0,1.0,,,,,0.67,,0.0,0.0,1.0,,,,1.0,,,0.33,1.0,,0.0,0.67,,,0.33,0.0,1.0,0.0,,0.67,,,0.0,1.0,0.0,,0.67,0.33,0.67,,0.67,,,1.0,1.0,1.0,0.67,0.33
133,0.33,0.67,1.0,1.0,0.0,1.0,,0.0,0.67,,0.0,,,,1.0,,,0.67,,,1.0,1.0,,0.67,,,0.33,0.0,1.0,0.0,,,0.0,,0.0,0.33,,,0.67,0.33,0.67,0.67,0.67,0.67,1.0,,1.0,1.0,,
134,1.0,,1.0,,,,0.0,,0.67,,0.0,0.0,,1.0,1.0,0.0,,0.67,,0.33,,,0.0,,0.67,1.0,0.0,,1.0,0.0,1.0,0.33,0.0,0.0,0.0,1.0,,0.33,,,0.67,1.0,,0.67,,1.0,1.0,1.0,,
135,1.0,0.67,,1.0,0.0,,0.0,,0.67,,0.0,0.0,,1.0,1.0,0.0,,,0.0,0.0,1.0,1.0,,1.0,0.67,,0.0,,1.0,0.0,,,0.0,,0.0,1.0,0.0,0.33,0.67,0.33,1.0,,,0.67,1.0,,,,,
136,0.33,0.67,1.0,1.0,0.0,,,,1.0,,,,1.0,,,0.0,,0.33,0.33,0.0,,0.67,0.0,1.0,0.33,0.67,0.0,,,0.0,1.0,0.33,,,,0.33,0.0,0.67,1.0,,,0.67,1.0,1.0,,,1.0,1.0,,0.0
137,0.67,,1.0,1.0,0.0,,0.0,,,0.33,0.0,0.0,0.67,0.67,,0.0,1.0,,,0.33,1.0,,,,0.33,,,0.0,1.0,0.0,,0.67,0.0,0.0,0.0,0.33,,0.33,,0.33,,0.67,0.67,0.67,1.0,,,,,0.33
139,,0.67,1.0,1.0,0.0,1.0,,0.33,,,0.33,0.0,1.0,1.0,,0.0,,0.33,,0.0,1.0,1.0,0.0,,,0.67,,0.0,,0.0,1.0,0.0,0.0,,,1.0,0.0,0.33,1.0,,,1.0,,,,,1.0,,0.67,0.0
140,1.0,0.67,1.0,,,,0.0,0.0,0.67,0.33,0.33,0.0,1.0,,1.0,,,,0.33,0.0,,,0.0,1.0,0.67,0.67,,,1.0,,,,0.0,0.0,,0.67,0.0,0.33,0.67,0.33,,1.0,1.0,,1.0,,,1.0,0.67,
141,,0.67,,,,1.0,0.0,0.0,,0.33,0.0,,,,1.0,,1.0,0.67,0.0,0.0,,1.0,0.0,,0.67,1.0,0.0,0.0,,,1.0,0.0,0.0,0.0,0.0,1.0,,0.33,0.67,0.33,,,1.0,,1.0,,1.0,,,0.0
142,1.0,,1.0,,,1.0,0.0,0.0,0.67,,0.0,0.0,,1.0,,,1.0,0.67,,0.0,1.0,1.0,0.0,,0.67,0.67,0.0,0.0,,0.0,1.0,,0.0,,,1.0,0.0,0.33,,0.33,,,1.0,,,,1.0,1.0,,0.33
143,,0.67,,1.0,,1.0,0.0,0.0,0.67,,0.33,0.0,0.67,,,,,0.33,,0.33,,1.0,,0.67,0.33,0.67,0.33,,1.0,0.0,1.0,0.67,0.0,0.0,,,0.0,,,,0.67,0.67,,0.67,1.0,1.0,,1.0,,0.33
144,,0.67,1.0,1.0,0.0,1.0,0.0,,1.0,0.33,0.0,0.0,1.0,,,,1.0,,0.0,,,1.0,,,,0.67,,0.0,1.0,,1.0,,0.0,0.0,0.0,1.0,0.0,,,,1.0,1.0,1.0,0.67,1.0,,1.0,,,0.0
146,1.0,1.0,,1.0,0.0,1.0,0.0,0.33,1.0,,,,,,1.0,0.0,1.0,,0.0,0.0,1.0,1.0,,1.0,,,,,1.0,0.0,,0.0,0.0,0.33,0.0,0.67,,0.67,,,1.0,,1.0,1.0,0.67,,1.0,,0.67,
147,,,,,0.0,,,,,0.33,0.0,,1.0,1.0,1.0,0.0,1.0,0.67,0.33,0.0,1.0,,0.0,,,0.67,0.0,0.0,,0.0,1.0,,0.0,0.0,0.0,1.0,0.0,0.33,0.67,0.33,,1.0,,,,1.0,,,0.67,0.33
148,1.0,0.67,1.0,1.0,,1.0,0.0,,0.67,0.33,,,1.0,1.0,,0.0,1.0,,0.33,,1.0,,0.0,0.67,0.67,0.67,0.33,0.0,,,,0.67,0.0,0.0,,,0.0,0.33,0.67,0.33,,1.0,0.67,,,,1.0,,,
149,1.0,0.67,,1.0,0.0,1.0,0.0,,0.67,,,,1.0,,,0.0,1.0,0.67,0.0,,1.0,,,0.67,0.67,1.0,0.0,,,,1.0,0.33,0.0,0.0,,,0.0,,0.67,0.33,0.67,,1.0,,1.0,,1.0,1.0,1.0,
150,1.0,0.67,,,,1.0,,,,0.33,,,1.0,,,,1.0,,0.0,,1.0,1.0,,1.0,0.67,0.67,0.0,0.0,,0.0,,0.33,0.0,0.0,0.0,1.0,0.0,,0.67,0.33,1.0,1.0,,0.67,1.0,1.0,,1.0,,0.0
151,,,1.0,,0.0,1.0,0.0,,0.67,0.33,,0.0,1.0,,1.0,,1.0,,,0.0,1.0,,,1.0,,1.0,0.0,0.0,,,,0.0,0.0,,0.0,,0.0,0.0,,0.33,1.0,1.0,,0.67,1.0,1.0,,1.0,1.0,0.0
152,0.67,0.67,1.0,1.0,0.0,1.0,,0.0,0.67,,,0.0,1.0,,1.0,0.0,,,,0.33,,1.0,0.0,,,0.67,0.33,,1.0,,,0.67,,0.0,0.0,0.67,0.0,,0.67,,0.67,,,0.67,,,1.0,1.0,0.67,0.33
153,0.0,0.67,1.0,,0.33,0.67,0.0,,0.67,0.67,,0.33,,,,,0.67,0.67,0.67,0.33,0.67,,0.0,,,,0.33,0.33,,0.0,,1.0,0.0,,0.0,0.0,,,,0.33,,0.67,0.33,,1.0,1.0,0.67,1.0,,0.33
154,1.0,,1.0,1.0,,1.0,,,,0.33,,0.0,1.0,1.0,,,,0.67,0.0,0.0,1.0,1.0,,,,,0.0,,,0.0,1.0,0.33,0.0,,,,0.0,0.33,,0.33,1.0,1.0,1.0,0.67,,1.0,1.0,1.0,1.0,0.33
155,0.67,,,1.0,0.0,1.0,,0.0,1.0,,0.33,0.0,,1.0,1.0,0.0,,,0.33,0.0,1.0,1.0,,1.0,0.67,,0.0,0.0,,0.0,1.0,,0.0,,0.0,,,0.67,1.0,,,,,1.0,,,1.0,1.0,0.67,0.0
157,,0.67,1.0,1.0,,,,,0.67,0.67,0.0,,1.0,,,,,,0.33,0.33,1.0,1.0,0.0,0.67,0.67,,0.33,,1.0,0.0,1.0,0.67,0.0,0.0,,,0.0,0.33,0.67,0.33,,1.0,,0.67,1.0,,,,0.67,0.33
159,1.0,0.67,1.0,1.0,0.0,,0.0,,1.0,0.33,,0.0,,,1.0,0.0,,,0.0,0.0,,,0.0,1.0,,0.67,0.0,,1.0,0.0,1.0,,0.0,0.0,0.0,,,,1.0,,1.0,1.0,,,1.0,,1.0,,1.0,0.0
160,1.0,0.67,,1.0,,1.0,0.0,0.0,0.67,,0.0,0.0,1.0,1.0,1.0,,1.0,,0.0,0.0,1.0,,,,0.67,0.67,0.0,,1.0,0.0,1.0,,,0.0,,1.0,,,0.67,0.33,1.0,1.0,,,,,1.0,,0.67,
161,,,,,,,,0.33,1.0,0.33,,,0.67,0.67,,0.0,1.0,0.0,0.33,0.0,,,0.0,1.0,,0.67,0.33,,1.0,0.0,0.67,,0.0,,,,,,1.0,0.67,1.0,0.67,1.0,1.0,0.33,0.67,1.0,0.33,0.33,0.0
162,0.0,0.67,,,0.0,1.0,0.0,0.0,1.0,,0.33,0.0,0.67,0.67,,0.0,,0.33,0.33,,1.0,,,,0.33,,,0.67,1.0,,,0.67,,0.0,,,0.0,,0.67,0.67,,0.67,0.67,,0.67,1.0,1.0,1.0,0.33,
164,0.67,0.67,1.0,1.0,0.0,1.0,,0.0,0.67,,0.0,,,,,0.0,,,0.33,,1.0,,,,0.67,0.67,,0.0,,,1.0,0.67,0.0,0.0,0.0,0.67,,0.33,0.67,0.33,0.67,0.67,,,1.0,,,1.0,0.67,0.33
165,0.67,0.67,1.0,1.0,,,0.0,0.0,,,0.33,,1.0,1.0,,0.0,,0.33,,,,,,1.0,0.67,0.67,0.0,,1.0,0.0,1.0,,0.0,0.0,,0.67,,0.33,0.67,,1.0,1.0,,0.67,,1.0,,1.0,0.67,0.33
166,1.0,,1.0,1.0,,1.0,0.0,,,,0.0,0.33,,1.0,1.0,0.0,1.0,,0.0,0.33,1.0,,,0.67,0.67,1.0,0.0,,1.0,0.0,1.0,0.33,,,,1.0,0.0,0.0,,0.33,,1.0,,0.67,,1.0,,1.0,,
169,1.0,,,,0.0,,,,0.67,0.67,0.0,0.33,1.0,1.0,,0.0,1.0,0.67,,,1.0,,0.0,0.67,0.67,1.0,0.0,0.0,1.0,,,0.33,0.0,,0.0,1.0,,0.0,,,,1.0,,0.67,,1.0,1.0,1.0,1.0,
170,0.67,0.67,,,,,,0.0,1.0,0.33,,0.0,,,1.0,,1.0,0.33,0.33,,1.0,0.67,,1.0,0.33,,0.0,,1.0,,1.0,0.33,,,0.0,0.33,0.0,0.67,,0.67,1.0,,1.0,1.0,,1.0,1.0,1.0,,0.0
172,,,,1.0,0.0,,0.0,0.0,,0.67,0.0,,1.0,1.0,1.0,0.0,1.0,,0.0,0.0,1.0,,0.0,,1.0,1.0,0.0,0.0,,,1.0,,0.0,0.0,,1.0,,,0.67,,0.67,,1.0,0.67,1.0,,1.0,,1.0,
173,,0.67,,1.0,,1.0,,0.0,,0.33,,0.0,1.0,1.0,1.0,0.0,1.0,0.33,0.0,0.0,,1.0,,1.0,,,0.0,0.0,,,1.0,0.0,0.0,,0.0,,,0.33,1.0,0.33,1.0,1.0,1.0,,1.0,,1.0,,,
175,,,1.0,,,1.0,0.0,0.0,0.67,0.33,0.33,0.0,1.0,,,,1.0,0.33,0.33,,1.0,1.0,,,,0.67,,,1.0,0.0,1.0,0.67,0.0,,,0.67,0.0,0.33,0.67,0.33,1.0,0.67,0.67,,1.0,,,1.0,,
176,0.0,0.67,1.0,,0.0,1.0,,0.0,0.67,,,0.0,,,1.0,,,0.33,,,1.0,,,1.0,0.33,,0.33,0.67,,,1.0,0.67,,0.0,0.0,,0.0,0.67,0.67,0.67,0.67,0.67,0.67,0.67,,,,1.0,0.33,0.33
179,,0.67,1.0,1.0,,1.0,0.0,0.0,1.0,0.33,,0.0,,,1.0,,1.0,,0.0,,1.0,,0.0,1.0,0.67,0.67,0.0,,1.0,,,,0.0,0.0,0.0,1.0,0.0,0.33,1.0,0.33,,,,0.67,1.0,,,,0.67,
181,,0.33,1.0,0.33,0.67,0.33,,0.0,0.33,1.0,0.0,0.33,0.33,0.33,,0.67,0.67,0.67,,,,,0.0,0.0,0.33,0.67,0.67,,,0.0,,,,0.0,0.0,,,0.67,0.33,0.33,,0.67,0.0,0.33,,,,1.0,,
182,0.0,0.33,0.67,0.33,0.33,0.33,0.33,0.0,0.33,,,,0.33,0.33,0.67,0.67,,1.0,1.0,,0.67,,0.0,,0.33,0.67,,0.0,,0.0,1.0,,,,,0.0,,,,,0.0,0.67,0.0,0.33,1.0,1.0,,1.0,,
183,0.33,0.33,0.67,0.33,0.33,,0.33,0.0,0.0,,,0.67,0.67,0.67,1.0,0.67,,,0.67,0.67,0.67,1.0,0.33,0.0,,0.67,,,,,1.0,,,,0.0,,,,,0.0,0.0,0.67,0.0,,,1.0,0.33,1.0,,0.67
184,0.0,,0.67,0.33,,0.33,0.33,0.0,,,,,0.33,0.33,,,0.33,1.0,1.0,,0.67,1.0,0.0,0.0,0.33,,,,,0.0,1.0,,0.0,,0.0,0.0,0.33,,,0.33,0.0,0.67,,0.33,1.0,,,1.0,0.33,0.67
185,,0.33,,0.33,0.33,,,0.0,,1.0,0.0,0.67,0.67,0.67,1.0,0.67,,1.0,1.0,,,,0.0,0.0,,0.67,,0.0,,,1.0,1.0,,,0.0,0.0,,0.33,0.33,0.33,0.0,0.67,0.0,0.0,,1.0,0.33,,,
186,,,0.67,0.33,0.33,0.33,,,0.33,,0.0,0.33,,0.33,1.0,0.67,,1.0,1.0,0.67,0.67,,,,0.33,,0.67,0.0,,0.0,,1.0,0.0,,0.0,0.0,0.33,0.33,,0.33,,,0.0,0.33,1.0,,,,0.33,0.67
188,0.0,0.33,0.33,0.33,0.67,,0.67,0.0,,,0.0,,0.33,0.33,0.67,0.67,,,,0.67,0.67,,0.0,,,,0.67,0.33,0.0,,1.0,1.0,0.33,,,,,,0.33,,0.0,0.67,0.0,0.0,1.0,,0.0,1.0,,0.67
189,0.0,0.33,1.0,0.33,0.33,0.33,0.33,0.0,,1.0,,0.67,,0.67,,,0.33,,,0.67,0.67,,,0.0,,,0.67,,,,1.0,,0.0,0.0,,0.33,0.33,0.0,,0.33,0.0,0.67,0.0,,,1.0,0.33,1.0,0.67,
190,0.0,,0.67,0.33,0.33,,0.33,0.0,0.33,,0.0,0.67,,,0.67,,0.33,1.0,1.0,0.67,,,0.0,,,,0.67,,0.0,0.0,1.0,1.0,0.0,0.0,0.0,0.0,,,0.33,0.33,,0.67,,0.0,,,,1.0,0.33,
191,1.0,,,,0.0,0.67,0.33,0.0,0.33,1.0,0.0,0.67,,,1.0,0.33,,,,0.67,,,0.0,0.0,0.67,,0.67,,,0.0,,,0.0,0.0,0.0,0.67,,,0.33,0.33,0.33,0.67,0.33,0.33,1.0,1.0,,,,0.67
192,0.0,0.0,0.0,0.0,,0.0,,,,,,,0.33,,,1.0,0.0,,,,,1.0,0.67,0.0,,,,0.0,,0.67,1.0,1.0,1.0,,0.0,0.0,0.67,0.0,0.0,0.0,0.0,0.67,0.0,,,1.0,0.0,1.0,0.33,1.0
193,,,1.0,0.33,0.33,0.67,,0.0,,1.0,0.0,,0.67,,,0.67,0.33,1.0,,0.67,,1.0,,,0.33,,,0.0,,0.0,,,0.0,0.0,0.0,,0.33,0.33,0.33,0.33,0.33,0.67,0.0,0.33,1.0,,0.33,,,0.67
195,,,,,0.33,0.33,,0.0,,1.0,0.0,,0.67,0.67,1.0,,,1.0,,,0.67,,,,0.67,0.67,0.67,0.0,0.0,0.0,1.0,1.0,,,0.0,0.33,0.33,0.0,0.0,0.0,,0.67,0.0,0.0,1.0,1.0,,,0.67,
196,,0.33,0.33,,0.67,0.33,,0.0,,,0.0,,0.33,0.33,0.67,,,1.0,1.0,0.67,0.67,,0.33,,,0.67,0.67,0.0,,0.33,1.0,1.0,0.67,,0.0,0.0,0.67,,,,,0.67,,0.0,1.0,1.0,0.0,1.0,,
197,,0.33,,,0.33,0.33,0.33,0.0,0.33,,0.0,,,0.33,,,0.33,1.0,0.67,0.67,0.67,1.0,0.0,0.0,,0.67,,,0.33,0.0,,,0.0,0.0,,0.0,,,,0.33,0.0,0.67,0.0,,,1.0,0.33,,0.33,0.67
199,0.0,,,0.33,0.67,,0.67,,0.33,,0.0,,0.33,0.33,0.67,0.67,0.33,1.0,1.0,,,,,,,0.67,,0.67,0.0,0.33,1.0,1.0,,,0.0,,0.67,,,0.33,0.0,0.67,,0.33,1.0,0.67,0.0,,0.33,0.67
200,,0.33,,,0.33,0.33,,,0.0,1.0,,0.67,,,,0.67,,,0.67,0.67,,1.0,0.67,0.0,,1.0,0.67,0.0,0.0,,1.0,1.0,0.0,,0.0,0.67,0.33,0.0,0.0,0.0,,,,0.0,1.0,1.0,0.33,,0.67,
201,,0.33,,0.0,,0.33,0.67,0.0,0.0,1.0,,0.67,0.33,,0.67,1.0,0.0,1.0,1.0,,0.67,,,,,0.67,1.0,0.0,,0.67,1.0,1.0,,,,0.0,,,0.0,0.0,0.0,0.67,,,1.0,1.0,0.0,1.0,,
202,,0.33,1.0,,0.0,0.67,0.33,,0.0,,,0.67,,,1.0,0.33,,1.0,,,,1.0,0.33,0.0,,1.0,,,1.0,0.0,1.0,1.0,0.0,0.0,,1.0,0.0,0.0,,0.0,0.33,1.0,0.33,,1.0,1.0,,,,0.67
203,,0.33,,,,,,,,0.67,0.0,0.33,0.67,0.67,,0.33,0.67,0.67,,,0.67,0.67,0.0,0.33,,,0.33,0.33,1.0,0.0,,1.0,,0.0,0.0,0.0,0.33,0.33,,0.33,0.33,,,0.33,1.0,,0.67,,0.33,0.67
204,,0.33,1.0,0.33,,0.67,,,0.33,1.0,,0.33,,,,0.67,,1.0,0.67,0.67,,,,,0.33,,0.67,0.0,0.33,0.0,,,0.0,0.0,,,,0.33,0.33,0.33,0.33,0.67,0.0,,1.0,1.0,0.33,1.0,0.67,0.67
205,0.67,0.33,,0.33,,0.67,,0.0,,,,,0.67,0.67,1.0,0.67,0.33,1.0,,0.67,,,0.33,,0.67,,,0.0,,,1.0,1.0,0.0,0.0,0.0,0.67,0.33,0.0,0.33,,0.0,,0.0,0.0,1.0,,,1.0,0.67,
207,0.0,,,0.0,,0.0,0.67,0.0,0.0,1.0,0.0,0.67,,,,1.0,0.0,1.0,1.0,,0.67,1.0,,,0.33,,,0.0,0.0,0.67,,1.0,1.0,0.0,,0.0,,,,0.0,0.0,,,0.0,1.0,,,1.0,0.33,1.0
208,0.0,0.33,0.0,0.0,0.67,0.33,,0.0,,,0.0,0.67,,0.33,0.67,1.0,0.33,1.0,1.0,,0.67,,0.0,,,,,,0.0,0.33,,1.0,,0.0,0.33,0.0,,0.33,,0.33,0.0,,0.0,,1.0,,,1.0,,1.0
209,0.0,0.33,0.0,0.0,0.67,0.33,,,,1.0,0.0,0.67,,,0.67,,0.0,1.0,,,0.67,1.0,,0.0,0.33,,,0.33,0.0,0.33,1.0,1.0,,0.0,,0.0,,,,,0.0,,0.0,0.0,,0.67,0.0,1.0,0.33,
210,,,,,0.33,0.67,,0.0,0.0,1.0,0.0,,,,1.0,,0.33,,0.67,0.67,,,0.67,0.0,0.67,1.0,,0.0,,0.0,1.0,1.0,,0.0,,1.0,0.33,0.0,,,,1.0,0.0,0.0,1.0,1.0,0.67,,0.67,0.67
211,,,0.33,,0.33,,0.33,0.0,,1.0,0.0,0.67,,0.67,,0.67,0.0,1.0,1.0,0.67,0.67,1.0,0.67,,0.67,0.67,0.67,0.0,,,,,,0.0,,,0.33,,,0.0,,0.67,0.0,0.0,,1.0,0.33,1.0,,1.0
212,0.0,0.33,,,,,0.67,0.0,0.0,,,0.67,,,0.67,0.67,0.33,1.0,1.0,0.67,0.67,,0.0,0.0,,0.67,,,,0.33,,,0.67,0.0,,0.0,0.67,0.33,0.0,0.33,,0.67,0.0,0.0,1.0,,0.0,,,0.67
213,,,0.67,,0.33,0.33,,,,1.0,,0.67,0.67,,1.0,0.67,0.33,1.0,1.0,0.67,0.67,,0.33,,,0.67,,0.0,0.0,0.0,1.0,1.0,,0.0,0.0,,,0.0,0.0,,,0.67,0.0,0.0,1.0,1.0,,,,0.67
214,0.33,0.33,,,,0.67,0.33,0.0,0.33,,,0.67,,,1.0,,,,0.67,,0.67,1.0,0.0,0.0,,0.67,0.67,,,0.0,1.0,1.0,,0.0,0.0,0.67,0.33,,0.33,0.33,0.33,,,0.33,1.0,1.0,,,0.67,0.67
215,0.0,0.33,,,0.33,0.33,,0.0,0.33,1.0,0.0,0.67,,0.67,1.0,,,1.0,0.67,,0.67,1.0,,0.0,0.33,0.67,,0.0,0.33,,1.0,1.0,,,,0.33,,,0.33,,,,0.0,0.0,,1.0,,1.0,0.67,0.67
217,,0.33,,0.33,0.33,0.33,0.33,,,,0.0,0.67,0.67,0.67,1.0,,0.33,,,0.67,,1.0,,0.0,0.67,0.67,0.67,,,,,,,0.0,0.0,0.33,0.33,,0.0,0.0,,,0.0,0.0,1.0,1.0,0.33,1.0,0.67,
219,,0.33,1.0,,0.33,0.67,,0.0,,,,0.67,0.67,0.67,,,0.33,1.0,,,0.67,1.0,,,0.67,,0.67,0.0,0.33,,1.0,,0.0,,,0.67,0.33,0.0,0.33,0.0,,,0.0,0.0,1.0,,0.67,1.0,0.67,0.67
221,0.33,0.33,1.0,,,,,,,1.0,,,0.67,,1.0,,0.33,1.0,0.67,0.67,0.67,,0.0,,,0.67,0.67,0.0,0.67,0.0,1.0,,0.0,0.0,0.0,0.33,,,0.33,,0.33,0.67,,0.0,1.0,,0.67,1.0,,0.67
222,,0.33,,,0.33,0.67,0.33,0.0,0.33,1.0,,0.67,0.67,0.67,,,,,0.67,,0.67,1.0,,,0.67,0.67,0.67,0.0,0.67,0.0,,,0.0,,,,,0.0,,0.33,0.33,,0.0,,1.0,1.0,0.67,1.0,0.67,0.67
223,0.0,,,,0.67,,0.67,0.0,0.33,1.0,0.0,0.33,0.33,,,,,,,0.67,,0.67,0.0,0.0,0.33,0.67,0.67,0.67,0.0,0.33,,,,,,0.0,0.67,0.33,0.33,0.33,,,,0.33,1.0,0.67,0.0,,0.33,0.67
225,0.0,,,,0.67,0.33,0.67,0.0,0.0,1.0,,,0.33,0.33,0.67,1.0,,,,,0.67,1.0,,0.0,0.33,0.67,,,0.0,,,,,0.0,,,0.67,,0.0,,0.0,0.67,0.0,0.0,1.0,1.0,0.0,1.0,0.33,0.67
226,,0.33,0.0,0.0,0.67,0.0,,0.0,0.0,,0.0,0.67,,0.33,0.67,,0.0,,1.0,,0.33,1.0,,0.0,0.33,0.67,,,,0.67,,,1.0,0.0,0.33,,,,,0.33,0.0,,0.0,0.0,,0.67,0.0,,0.33,1.0
227,0.0,0.33,,0.33,,,,,0.0,1.0,,0.67,,0.67,,,0.33,1.0,1.0,,0.67,1.0,0.33,0.0,0.33,0.67,,0.0,0.0,0.0,1.0,1.0,0.0,0.0,0.0,,,,0.0,0.0,,0.67,,,1.0,,0.33,,0.67,
228,,0.33,,0.33,,,0.33,,0.33,,0.0,,0.67,0.67,,,0.33,,0.67,0.67,0.67,,0.33,0.0,0.67,0.67,0.67,,0.33,0.0,1.0,1.0,0.0,0.0,,,,0.0,0.33,,0.0,0.67,0.0,0.0,,,,1.0,0.67,
229,,,,0.33,0.67,0.33,,0.0,,1.0,,,0.33,0.33,,0.67,,1.0,1.0,,0.67,,0.33,0.0,,,0.67,0.0,0.0,0.33,,1.0,,,,0.0,0.67,,0.0,0.33,0.0,0.67,0.0,,1.0,1.0,,1.0,0.33,0.67
230,,,0.0,0.0,0.33,0.33,,0.0,0.0,1.0,,,0.33,0.33,0.67,,0.0,1.0,,,,1.0,1.0,,0.67,0.67,1.0,0.0,,0.33,1.0,1.0,1.0,0.0,,,,0.0,0.0,0.0,,0.67,,0.0,1.0,,,,,1.0
231,,0.33,1.0,,0.33,,,,,,0.0,0.33,,0.33,1.0,,0.33,1.0,0.67,0.67,,,0.0,0.0,,0.67,,,,0.0,1.0,1.0,,0.0,0.0,0.0,0.33,,0.33,0.33,0.33,0.67,,0.33,1.0,,0.33,,0.33,0.67
232,0.0,0.33,0.67,,,,0.33,0.0,0.0,1.0,,0.67,,,1.0,0.67,0.33,1.0,,,0.67,1.0,,,0.67,0.67,0.67,,0.0,0.0,1.0,,0.0,0.0,0.0,,,,,,0.0,0.67,,0.0,1.0,,0.33,1.0,,0.67
233,0.0,0.0,,0.0,0.67,0.33,0.67,0.0,0.0,,,,0.33,,0.67,1.0,0.0,1.0,1.0,0.67,0.67,,0.67,,0.33,0.67,,0.0,,,1.0,1.0,,0.0,,0.0,0.67,0.0,,0.0,0.0,,,,1.0,1.0,,,,
234,,0.33,1.0,,0.33,,0.33,,0.33,1.0,0.0,,0.67,0.67,1.0,,,1.0,,0.67,0.67,,0.0,,,0.67,0.67,,0.67,,1.0,1.0,0.0,0.0,0.0,,,,,,0.33,0.67,0.0,,1.0,1.0,0.67,1.0,0.33,
235,1.0,0.0,0.67,0.33,0.33,0.33,0.33,0.0,,,,0.67,0.67,0.67,1.0,,,1.0,0.67,0.67,,1.0,,0.0,0.67,,0.67,,0.33,0.0,,1.0,0.0,,0.0,,0.33,0.0,0.0,0.0,0.0,,,,,1.0,,,,
236,,0.33,1.0,,,0.67,0.33,,,1.0,0.0,0.33,,,1.0,,0.33,,0.67,0.67,,1.0,0.0,0.0,0.33,0.67,,0.0,,0.0,,1.0,0.0,0.0,0.0,0.0,,0.33,0.33,0.33,0.33,,0.0,,,,0.33,,0.33,
237,,0.33,,0.0,0.67,0.33,,0.0,0.0,,0.0,,,0.33,,0.67,0.0,1.0,,,0.67,1.0,,,,0.67,0.67,0.0,,,1.0,1.0,0.33,,,0.0,0.67,0.0,0.0,,0.0,0.67,0.0,,1.0,,,1.0,0.33,1.0
238,,,0.0,0.0,0.67,0.33,0.67,,0.0,1.0,0.0,,0.33,0.33,,1.0,0.0,1.0,1.0,0.67,,,0.33,,0.33,0.67,0.67,0.0,,0.33,1.0,,,0.0,0.0,0.0,,,,0.0,0.0,,,0.0,,,,1.0,0.33,
240,,0.67,1.0,0.33,,,0.33,,0.67,0.67,0.33,,0.33,0.33,,,0.67,0.67,,0.67,0.33,0.0,,0.0,,0.33,,1.0,0.33,0.0,0.67,1.0,0.33,0.0,,,,,0.33,0.33,0.33,,,,1.0,,0.33,0.67,,0.67
242,0.0,0.67,,,,0.67,,0.0,0.67,,,0.0,0.67,0.33,,0.33,1.0,0.33,0.67,,0.67,,,0.67,0.0,0.67,0.33,,1.0,,,,,0.0,0.0,0.0,,,0.67,0.67,,0.67,0.33,0.67,,0.67,,0.67,0.33,0.33
243,,0.67,1.0,,0.33,,0.33,0.0,0.67,0.67,0.33,0.0,0.67,0.67,,,1.0,,,0.33,,,0.0,0.67,0.33,,,1.0,,0.0,1.0,1.0,0.0,0.0,,,0.33,0.67,,0.33,0.67,,,0.67,1.0,0.67,0.67,,,
244,0.0,0.67,,0.33,0.67,0.33,,0.0,0.67,0.67,,0.33,0.33,,,0.67,0.67,,1.0,,0.67,0.33,,0.0,,0.67,,1.0,,,,1.0,,,0.0,0.0,0.33,0.67,,,0.33,0.33,,0.67,1.0,0.67,,0.67,,0.67
245,0.0,,,0.67,,0.67,0.33,0.0,0.67,0.67,0.33,0.0,,,,,0.67,0.67,,,0.67,,0.0,0.33,,0.67,0.67,1.0,,0.0,1.0,1.0,,0.0,0.0,,,0.67,0.67,,0.33,,0.33,,,0.67,0.67,0.67,0.33,
246,0.0,,1.0,0.67,,0.67,0.33,0.0,0.67,0.67,0.33,0.0,0.33,0.33,0.67,0.67,,0.33,,,,,,,,0.33,0.67,1.0,,,,1.0,0.0,0.0,,,0.33,1.0,0.67,,0.67,0.33,0.33,0.67,,,0.33,0.33,,
248,,0.67,,0.33,,0.67,,0.0,0.67,0.67,0.0,0.33,0.33,0.33,,0.67,0.67,0.67,,0.67,,,0.0,,0.0,0.67,0.67,,,0.0,1.0,1.0,,,0.0,,0.33,,0.33,,0.33,,0.33,,1.0,0.67,0.33,0.67,,
249,,,1.0,,,0.67,0.33,0.0,,0.67,0.0,0.33,,,,0.33,0.67,0.67,0.67,0.33,0.67,0.33,0.0,0.33,,0.67,0.67,,1.0,,,,0.0,,,,0.33,0.67,0.33,0.33,,,0.33,0.67,,0.67,,1.0,0.33,0.67
250,0.0,0.67,,0.67,,,,,,0.67,0.33,0.0,0.33,0.33,0.67,0.67,0.67,,,0.33,,0.0,0.0,0.33,,0.33,0.67,1.0,1.0,0.0,0.67,,,,0.33,0.0,,,,0.67,0.67,,0.33,0.67,0.67,0.33,,0.33,,
251,0.0,0.67,,0.67,,,0.33,,,,,0.0,0.33,0.33,1.0,,1.0,,0.67,,0.67,0.0,,,0.0,,,1.0,1.0,0.0,0.67,,,0.0,0.0,0.0,0.33,0.67,0.67,,0.67,0.33,,,0.67,0.67,0.67,0.67,0.33,
253,0.0,0.67,,0.67,,0.67,0.33,0.0,0.67,,,0.0,0.33,0.33,1.0,,,,0.67,,0.67,,,0.67,,0.67,,1.0,1.0,,0.67,,0.0,0.0,,0.0,0.33,,,0.67,0.67,,,0.67,0.67,,0.67,0.67,0.33,0.33
254,0.0,,0.67,0.33,0.67,0.33,0.67,,,1.0,,0.33,0.33,0.33,0.67,0.67,0.33,0.67,1.0,,0.33,0.0,,,0.0,,,1.0,0.0,0.33,1.0,1.0,1.0,,,,0.67,0.67,0.33,,,,,0.33,,0.33,,,,0.67
255,0.0,,1.0,,,0.33,,,0.67,,0.33,0.0,0.33,0.33,0.67,0.67,,,1.0,,0.67,,0.0,0.33,0.0,,,,0.33,,0.67,1.0,0.0,0.0,,0.0,0.33,0.67,,,,0.33,0.0,0.67,0.67,0.33,,0.67,,0.67
257,0.0,,1.0,,0.33,,,0.0,0.67,,0.33,0.0,0.67,0.33,1.0,0.33,0.67,0.67,0.67,0.33,,,0.0,,,0.67,,1.0,,0.0,,,,0.0,0.0,0.0,0.33,,,0.33,0.33,,0.33,,1.0,,0.67,0.67,,0.33
258,,0.67,1.0,,,0.67,,,0.67,,,0.0,0.33,0.33,,0.67,0.67,,1.0,0.67,0.67,0.0,,0.33,,0.33,,1.0,,,0.67,1.0,0.0,0.0,,0.0,0.33,0.67,,0.33,0.33,0.33,,,0.67,0.33,0.33,,0.33,
259,,,,0.33,0.67,0.33,0.33,,0.33,,0.0,,0.33,0.33,0.67,,0.33,,1.0,,,0.67,,0.0,,0.67,0.67,,0.0,,1.0,,,0.0,0.33,0.0,0.67,0.67,,,,0.33,0.0,0.33,1.0,0.67,0.33,1.0,0.33,
260,,,1.0,,0.67,0.33,0.33,0.0,,0.67,0.33,,0.33,,,0.67,0.67,0.33,,0.67,0.33,0.0,0.0,,0.0,,0.67,,0.67,,0.67,1.0,,0.0,0.33,0.0,,,,,,0.33,0.33,0.67,,0.33,0.33,0.33,0.0,
261,0.0,,1.0,,,,0.33,,0.67,0.67,,0.33,0.67,,1.0,0.67,0.67,0.67,,0.33,,,0.0,0.33,,,0.67,0.67,,,1.0,,,0.0,0.0,,0.33,0.67,0.33,0.33,0.33,0.67,0.33,0.33,,,0.67,,0.33,0.67
262,,0.33,1.0,0.33,0.33,,0.33,,0.33,,0.0,,,,1.0,0.67,,,,0.67,0.67,0.67,0.0,0.0,0.33,,,,,0.0,1.0,,,0.0,0.0,,0.33,0.33,0.33,0.33,,,0.0,0.33,1.0,0.67,,1.0,0.33,0.67
263,0.0,0.67,1.0,0.67,0.33,,0.33,,,,0.33,0.0,,0.33,,0.67,,0.67,0.67,0.33,,,0.0,,0.0,0.33,,,1.0,0.0,,,0.0,0.0,,,0.33,0.67,0.67,,0.33,0.33,,,0.67,0.67,0.33,,0.33,0.33
264,0.0,0.67,1.0,,0.67,0.67,,,0.67,0.67,0.33,0.0,0.33,,0.67,0.33,1.0,,,0.33,,,,,,0.33,,1.0,1.0,,0.67,1.0,,,,0.0,0.33,1.0,0.67,,,0.33,0.33,0.67,0.33,,,0.33,0.0,0.33
265,,,,,,0.33,0.67,0.0,,0.67,0.33,,0.33,0.33,,0.67,0.67,0.67,,0.67,0.33,0.0,0.0,0.0,0.0,,,,0.0,,0.67,,,,0.33,0.0,0.67,,0.33,,0.33,0.33,0.0,,,0.33,0.0,0.67,0.0,0.67
266,,0.67,,,,0.67,,,0.67,0.67,0.33,0.0,0.67,,1.0,0.33,1.0,,,0.33,,0.33,0.0,0.67,,,,1.0,1.0,,1.0,1.0,,,,0.0,0.0,,0.67,0.33,0.67,0.67,0.33,,,0.67,0.67,0.67,0.33,0.33
267,0.0,0.67,,0.67,,,0.33,0.0,0.67,,0.33,0.0,0.33,,1.0,,0.67,,,,0.67,0.0,,,0.0,0.67,,,,0.0,0.67,1.0,0.0,0.0,,,0.33,,0.67,0.33,0.33,0.33,0.33,0.67,0.67,,,0.67,,0.33
268,0.0,0.67,1.0,0.67,,0.67,,0.0,,,,,0.33,0.33,,,1.0,0.33,,0.33,0.67,0.0,,0.67,0.0,0.33,0.33,,,0.0,0.67,1.0,,,,,,1.0,0.67,0.67,0.67,,0.33,,0.67,,0.67,0.33,0.33,0.33
269,,0.67,0.67,0.33,0.67,0.33,,,0.67,0.67,0.33,0.33,,0.33,,0.67,,0.67,,0.67,0.33,,,0.0,0.0,0.33,,,0.0,,,1.0,,,,0.0,,0.67,0.33,0.33,0.33,,0.0,0.67,0.67,0.33,0.0,0.67,,
270,0.0,0.67,,,0.33,0.67,0.33,0.0,,,,0.0,0.33,,1.0,0.33,1.0,0.0,0.67,0.33,,0.0,0.0,,,,,,1.0,,,,,0.67,0.33,,0.33,1.0,0.67,0.67,0.67,0.33,0.67,1.0,0.33,,0.67,,0.0,
272,0.0,0.67,1.0,0.33,,,0.33,,0.67,0.67,0.33,,,0.33,,0.67,0.67,,1.0,,0.67,,,0.33,0.0,,0.67,1.0,,0.0,0.67,1.0,0.0,0.0,,,,0.67,,0.33,0.33,,0.33,0.67,0.67,0.33,,,0.0,
273,0.0,0.67,1.0,0.67,0.67,,,,0.67,0.67,,,0.33,,0.67,,,0.33,1.0,0.33,,0.0,0.0,,0.0,,0.33,1.0,1.0,0.0,0.67,1.0,,0.0,,0.0,0.33,1.0,0.67,,0.67,,,,,,0.33,,0.0,0.33
274,,0.67,,,0.33,0.67,0.33,0.0,1.0,0.33,0.67,0.0,,,0.67,,1.0,0.0,0.67,,,0.0,0.0,,,0.33,,1.0,,0.0,0.33,1.0,,0.67,,0.0,,1.0,,0.67,0.67,0.33,,1.0,0.33,,,,0.0,0.33
276,0.0,0.67,1.0,,,,0.33,0.0,,0.67,0.33,0.0,0.33,0.33,1.0,,1.0,0.33,0.67,,,,0.0,0.67,0.0,0.33,0.33,1.0,,0.0,,,,,,0.0,0.33,,,0.67,,0.33,0.33,,0.67,,0.67,0.67,0.33,
277,0.0,,1.0,,0.33,0.67,,,,,,,0.33,,,0.67,0.67,0.67,,,,0.33,0.0,,0.33,0.67,0.67,1.0,0.67,0.0,1.0,1.0,0.0,0.0,0.0,0.0,,0.67,,,,0.67,0.33,0.67,1.0,0.67,,,0.33,0.67
280,,0.67,,0.67,0.33,0.67,0.33,0.0,0.67,0.67,,0.0,0.33,0.33,1.0,,,0.33,0.67,0.33,0.67,,0.0,,,0.33,0.33,,,0.0,0.67,1.0,,,0.0,0.0,,,0.67,,0.67,0.33,,0.67,,,0.67,0.67,,
281,0.0,0.67,,,0.67,,,0.0,0.67,,0.33,0.0,,0.33,,0.67,0.67,,,0.67,,,0.0,0.33,0.0,0.33,0.67,,,0.0,0.67,1.0,0.33,0.0,0.33,,,1.0,,0.67,,0.33,0.0,0.67,,,0.33,0.33,0.0,
283,0.0,,1.0,,,0.67,0.33,,0.67,0.67,,0.0,0.67,,1.0,0.33,0.67,0.67,,,0.67,,,,,0.67,0.33,,1.0,0.0,1.0,1.0,0.0,0.0,0.0,,,0.67,0.67,0.33,,,0.33,,,,0.67,0.67,0.33,0.33
285,,0.67,1.0,0.67,0.33,0.67,,0.0,0.67,,0.0,0.33,0.67,,,,,,,0.33,0.67,0.67,0.0,0.33,,0.67,,,1.0,0.0,1.0,,0.0,0.0,,0.0,0.33,0.33,,0.33,,0.67,0.33,,1.0,,0.67,1.0,,
286,0.0,0.67,,,,,0.33,0.0,,0.67,0.33,,,0.33,,,,,0.67,0.33,0.67,0.0,0.0,0.67,,0.33,,,,0.0,0.67,1.0,0.0,0.0,0.0,,,0.67,,0.67,0.67,0.33,0.33,0.67,,0.33,0.33,0.67,,0.33
287,0.0,0.67,1.0,0.67,,,,,0.67,0.67,,,,0.33,,0.33,,0.33,0.67,,0.67,,,,0.0,,,1.0,1.0,0.0,0.67,1.0,0.0,0.33,0.0,0.0,0.33,,,0.67,0.67,0.33,,,0.67,0.33,0.67,,0.33,0.33
288,0.0,,1.0,,0.33,,,0.0,,0.67,,,0.67,0.67,1.0,0.33,,,0.67,,,0.67,0.0,0.33,0.33,,0.33,,1.0,0.0,1.0,1.0,,0.0,0.0,0.0,,,,,0.33,0.67,0.33,0.33,1.0,,,1.0,0.33,0.67
289,,,1.0,0.33,0.33,0.67,0.33,0.0,0.33,,,0.33,0.33,0.33,0.67,0.67,,0.67,,,0.67,,0.0,0.0,0.33,0.67,,0.67,0.33,0.0,,1.0,0.0,,0.0,,0.33,0.33,0.33,,0.33,,,0.33,,,,1.0,,
290,0.0,,1.0,,,0.67,0.33,,0.67,0.67,,0.0,0.33,0.33,0.67,0.67,,0.33,,0.33,0.67,,,,,0.33,,1.0,1.0,,,1.0,0.0,,0.33,,0.33,1.0,0.67,0.67,0.67,0.33,,,0.67,,0.33,0.33,0.0,
291,,,,,0.67,0.67,0.33,0.0,0.67,0.67,,0.0,0.33,0.33,0.67,0.67,0.67,,1.0,,,0.0,0.0,,,0.33,0.67,1.0,0.67,0.0,,,,,,0.0,,1.0,0.67,0.67,0.67,,0.33,,0.67,,0.33,0.33,0.0,
292,0.0,,0.33,0.33,0.67,0.33,0.67,,,1.0,,0.33,,0.0,,,0.33,0.67,,0.67,,,0.0,,,,0.67,,,0.33,0.67,1.0,1.0,,,0.0,0.67,0.67,0.33,,0.0,0.33,0.0,,,0.33,0.0,0.67,0.0,0.67
293,0.0,0.67,1.0,,0.33,,0.33,0.0,,,,0.0,0.67,,1.0,,1.0,0.33,0.67,0.33,0.67,,0.0,,0.0,0.67,0.33,,1.0,,0.67,,0.0,,0.0,,,0.67,0.67,,,,0.33,0.67,0.67,,0.67,,0.33,0.33
294,,,,0.33,,0.33,0.33,,,,0.33,0.0,,0.33,0.67,0.67,,,1.0,,0.67,,,0.33,0.0,0.33,0.67,,0.33,0.0,1.0,,0.0,,0.33,,,,0.33,0.33,0.33,0.33,0.0,0.67,,0.33,0.33,0.67,0.33,0.67
295,0.0,0.67,1.0,1.0,0.33,1.0,,,,0.33,0.33,0.0,0.67,,,,1.0,,0.67,,0.67,0.33,0.0,,,0.67,0.33,1.0,,,,1.0,0.0,,0.0,0.0,0.0,,0.67,,0.67,0.67,0.67,,0.67,,1.0,0.67,,
296,0.0,,,0.67,0.33,0.67,0.33,,0.33,0.67,0.0,,,0.67,,0.33,,,0.67,,0.67,1.0,0.0,,0.33,0.67,0.33,0.0,1.0,,1.0,1.0,0.0,,,0.0,0.33,0.33,,,,0.67,0.33,,,1.0,,1.0,0.67,
298,,0.67,1.0,0.67,,0.67,,0.0,,0.67,0.33,0.0,,0.33,0.67,0.67,,0.33,1.0,,0.67,0.0,0.0,,0.0,0.33,,1.0,1.0,,0.67,1.0,,,0.33,0.0,0.33,1.0,,,0.67,,,0.67,0.67,0.33,,,,
299,0.0,0.67,,,,0.67,0.33,0.0,0.67,0.67,0.0,0.33,,,1.0,0.67,0.67,,0.67,0.67,0.67,,0.0,,0.0,0.67,0.67,1.0,0.67,0.0,,,,0.0,,,0.33,,,,0.33,0.67,0.33,,1.0,,,0.67,0.33,
