"","D1","D2"
"Legislator 1",-0.599831057220008,-0.625328635706133
"Legislator 2",0.727718339499108,-0.101837243730599
"Legislator 3",0.515290650750432,-0.151777043450158
"Legislator 4",-1.63711395497983,0.408075073503128
"Legislator 5",0.0426397543182125,0.078332864768786
"Legislator 6",0.365062645770804,0.166501205132558
"Legislator 7",0.389727133525434,1.08717678713434
"Legislator 8",-0.33318736709969,0.678339272029216
"Legislator 9",-0.913865605139858,0.0645484117115739
"Legislator 10",-1.91407903904396,-0.438157400501495
"Legislator 11",-0.311993196848892,-1.02752318796914
"Legislator 12",0.405599155028083,-0.147883721587855
"Legislator 13",0.379674362855061,-1.9179758921737
"Legislator 14",0.0370378018740687,1.40856733110332
"Legislator 15",0.354883298981192,-0.161315369812804
"Legislator 16",0.0566909152616874,-0.00778709970161999
"Legislator 17",-0.154337596016514,-0.756154449612913
"Legislator 18",0.294495329094559,-0.740365952307231
"Legislator 19",0.166613817806941,-1.41886225204323
"Legislator 20",1.32249387845841,-0.583963698825281
"Legislator 21",0.713598450729688,-1.83811413889902
"Legislator 22",-1.64479929554854,-0.791893266941265
"Legislator 23",-0.0930768661189281,0.468102734406572
"Legislator 24",0.104255470652671,0.726223487513773
"Legislator 25",-0.620297457256589,0.837483063684552
"Legislator 26",-1.70452524741318,-0.170963212290227
"Legislator 27",0.0093799977062565,-0.262985188919813
"Legislator 28",0.0205181543218081,-0.0677329027193876
"Legislator 29",-1.30679826711054,0.715214192625496
"Legislator 30",0.52890070978429,-0.180941186967328
"Legislator 31",-1.58398140167642,-0.192478606683264
"Legislator 32",1.67294865384743,1.94250547312475
"Legislator 33",-1.55791741347835,-0.596179574889825
"Legislator 34",1.42637373470896,0.711206151525477
"Legislator 35",1.17464281003267,-0.36768016834428
"Legislator 36",-1.54287281363368,0.0935493492336079
"Legislator 37",-1.30851164568315,-1.25481385410685
"Legislator 38",0.668364304134169,-1.63268640362596
"Legislator 39",-1.75353350630371,-0.898280478544278
"Legislator 40",-1.34403658993594,-0.348196543408176
"Legislator 41",-0.00654694032139349,1.62239457486474
"Legislator 42",-0.177625891866989,0.169584515608597
"Legislator 43",-1.76567315495988,0.275061153716906
"Legislator 44",-1.15111843933457,-0.711590093251765
"Legislator 45",0.133104521280444,-0.71020968038977
"Legislator 46",-0.0190307467593147,0.655490955326411
"Legislator 47",-1.08032083163647,-0.414095362405247
"Legislator 48",-1.25252075066299,-0.0708095461100518
"Legislator 49",-1.70162759369016,-0.593359688509871
"Legislator 50",-1.3742832297231,-0.0554525832378596
"Legislator 51",0.361166289227356,0.645936584923716
"Legislator 52",0.392239765349193,-0.335907556753603
"Legislator 53",0.227742094638498,0.180073381804192
"Legislator 54",-0.0157458014748763,-0.0717955633222658
"Legislator 55",0.554530777023324,-0.362970721847605
"Legislator 56",-1.33030506038571,0.258462675204402
"Legislator 57",-1.80841745444774,-0.158644040114427
"Legislator 58",1.46612712121746,-1.26269322139167
"Legislator 59",1.01313295580626,1.16615250961484
"Legislator 60",1.09156903014805,-0.970302647311992
"Legislator 61",-1.4486636757687,0.266849498850484
"Legislator 62",-1.15394212434516,-1.20803250436343
"Legislator 63",-0.649530084961524,-0.628118748574608
"Legislator 64",-1.98469584443144,-0.266523449881711
"Legislator 65",0.526926402523878,0.297292947094829
"Legislator 66",-0.338135039135876,0.510805239181383
"Legislator 67",-1.05465397865569,-0.7323468428645
"Legislator 68",-0.498796270636525,0.2722022734532
"Legislator 69",-1.85890407070132,0.194484371227144
"Legislator 70",-0.984708404937131,0.608969405824183
"Legislator 71",-1.67359578035554,-0.0510978052503386
"Legislator 72",-0.0847109006659381,0.68012804306485
"Legislator 73",0.147121452284872,0.477383943651054
"Legislator 74",0.423488896959464,-0.768854894611383
"Legislator 75",-0.89989819295963,1.09593499047854
"Legislator 76",-0.900171751222186,-0.165159596704008
"Legislator 77",-0.115640619693207,0.15581516469703
"Legislator 78",1.096851403396,-1.40184720873724
"Legislator 79",0.313544427208157,-0.0848548385879458
"Legislator 80",0.359990731559508,-0.304979271501924
"Legislator 81",0.956783954377502,0.799599148113145
"Legislator 82",-0.394760544927105,-0.0446816542198087
"Legislator 83",0.0681723555595023,0.301284012086635
"Legislator 84",0.726316038104675,0.834813119774721
"Legislator 85",0.554955735964588,-1.47726384413012
"Legislator 86",0.990014077538835,1.28203559132838
"Legislator 87",0.314767182620922,-0.349669554425705
"Legislator 88",-1.09867570570937,-0.914517384253188
"Legislator 89",-1.03294974202269,0.0794567316463245
"Legislator 90",-1.05610393718837,0.0101283671228198
"Legislator 91",0.387001681095724,0.510116129446189
"Legislator 92",-1.90232508595023,-0.529250983095825
"Legislator 93",-1.27897489588987,0.0267097735430859
"Legislator 94",0.265204990108596,1.72764708028264
"Legislator 95",1.56812106936522,-0.257756543777461
"Legislator 96",0.730817591948506,0.0420502415173705
"Legislator 97",0.300997013924356,-0.810585709112659
"Legislator 98",-1.73681700215375,-0.312265747918492
"Legislator 99",-1.93033866702461,-0.84270340041349
"Legislator 100",1.63534479022264,0.729860640213139
"Legislator 101",1.00185830054512,-0.854800432614731
"Legislator 102",1.06456176486935,-0.100611519262563
"Legislator 103",1.68437362579403,0.696138018344036
"Legislator 104",0.037884609038159,0.807968318245
"Legislator 105",0.104686706491328,1.22731135332408
"Legislator 106",1.16177588190795,-0.752730016775751
"Legislator 107",0.632945110711982,-1.50752144400887
"Legislator 108",0.607399891444564,0.943850340875267
"Legislator 109",0.243460379931145,2.08684090670062
"Legislator 110",0.193099892109275,1.43325441414791
"Legislator 111",0.165020336254337,-1.99825856801016
"Legislator 112",0.264569915398005,-1.20975884874472
"Legislator 113",-1.69519710540968,-0.109847570512757
"Legislator 114",-1.4315688813039,0.795433598338936
"Legislator 115",0.380949817737561,0.351194436842491
"Legislator 116",-2.05503722762259,-0.698287661028308
"Legislator 117",1.71784062969321,-1.43145849316402
"Legislator 118",0.92406236892665,-1.32551236713855
"Legislator 119",1.48511455551192,-0.916578451777501
"Legislator 120",0.0197512689099219,0.229770172356863
"Legislator 121",0.197470206887587,0.362339187984614
"Legislator 122",-0.0823800170739185,-2.1746961109183
"Legislator 123",-1.59845279655355,-1.02302870891672
"Legislator 124",-1.08497995103863,-0.00126196960579999
"Legislator 125",-1.44494981855463,-0.118093633081992
"Legislator 126",-2.12732001141477,-0.862933863243813
"Legislator 127",1.92077267616878,-0.317920812567118
"Legislator 128",0.0048822940281145,0.676373690479361
"Legislator 129",0.154286094844197,-0.342414333523944
"Legislator 130",0.752585035429369,-1.11099622500996
"Legislator 131",-1.95683782648267,-0.85129351301734
"Legislator 132",0.50543173850461,-1.10170497894933
"Legislator 133",-0.6012365959877,-0.617948877164591
"Legislator 134",-0.880633947155985,0.244581333967304
"Legislator 135",-1.47700241885803,-0.668728951483308
"Legislator 136",-2.08234323205391,-0.475179012167365
"Legislator 137",-1.55020236148046,0.0142802798354863
"Legislator 138",0.674896452316099,-0.411668509067811
"Legislator 139",0.542260365839699,-0.607949870055514
"Legislator 140",0.161411873782119,0.315885966482485
"Legislator 141",-1.53158684551418,0.915266332113728
"Legislator 142",-1.47240278246342,-1.06426011719238
"Legislator 143",0.398222977146569,0.147136950267451
"Legislator 144",-0.785898280276865,0.0221682898485471
"Legislator 145",0.185481385016305,-1.25067231823426
"Legislator 146",-0.769630936808232,-0.171496069190534
"Legislator 147",1.48179466565509,-1.44282386059867
"Legislator 148",0.625405373430364,0.652177322025419
"Legislator 149",0.0305147755508719,0.759821454147912
"Legislator 150",0.248116140505253,-0.624455545400672
"Legislator 151",-1.8445382076685,0.453227651143526
"Legislator 152",-1.55709820937293,0.507508745658717
"Legislator 153",0.809084939939072,1.24625591896289
"Legislator 154",1.17352939874712,-2.19837252581035
"Legislator 155",-0.772116817223645,0.281755690757474
"Legislator 156",-0.24711701435341,0.120864557880118
"Legislator 157",0.326371032461187,0.317255523316954
"Legislator 158",0.300130405213516,0.146244166062532
"Legislator 159",0.0679635443063308,0.460524591413116
"Legislator 160",-1.5608591853389,-1.19064191893853
"Legislator 161",-1.5580066466508,-1.20763026591857
"Legislator 162",0.202051980284262,1.24305497164594
"Legislator 163",-0.0870950251383074,-0.067695785128581
"Legislator 164",0.572351057460232,1.65684779822826
"Legislator 165",-0.0831562589417155,2.17906023816455
"Legislator 166",-0.167912799078065,-1.68049323211222
"Legislator 167",-1.6249943027871,-0.82194531959903
"Legislator 168",0.223386745560258,-1.90310129462667
"Legislator 169",-2.01188349018189,0.0455758132878199
"Legislator 170",-1.86773610860386,-0.855305303610726
"Legislator 171",-0.163034198018735,-0.922019226785659
"Legislator 172",0.401654230283302,1.53902355305542
"Legislator 173",0.917798849254941,1.69857998168832
"Legislator 174",-1.65089031408766,-0.0138367404976659
"Legislator 175",1.0557614509178,-0.956244738195582
"Legislator 176",0.796613220842648,-0.916814542317717
"Legislator 177",-1.94254973252431,-0.153866909995938
"Legislator 178",0.529052520259188,-0.214299320469876
"Legislator 179",0.275452679317443,-0.190291121188954
"Legislator 180",0.602531449274043,-0.258428798215858
"Legislator 181",-1.11901548064384,-0.126528883576913
"Legislator 182",-2.00400585102904,-0.476020203954102
"Legislator 183",-1.3471076824611,-0.0286007502957464
"Legislator 184",-1.12049482980951,0.869124317661597
"Legislator 185",-0.853669427134803,-0.460965946368601
"Legislator 186",-1.70566175363066,0.501189429341249
"Legislator 187",1.1893494193174,1.1185645211467
"Legislator 188",0.422026256347453,-1.52732649333135
"Legislator 189",0.063977020524432,-0.414999383350447
"Legislator 190",-1.82139277668086,-0.500674321071541
"Legislator 191",-1.03231508399193,-0.0627260288972452
"Legislator 192",1.27532040694026,-0.77896552621804
"Legislator 193",1.13094789255755,0.910913034935753
"Legislator 194",0.617062057166291,0.0765495973827888
"Legislator 195",0.417486881985308,-2.08748608300472
"Legislator 196",0.0923423989294399,0.856230016594506
"Legislator 197",-1.48937812466063,0.0318631814471865
"Legislator 198",0.628541525542628,-1.62260690026752
"Legislator 199",0.264348396040842,-0.49876705154203
"Legislator 200",-1.15988954244633,0.595459638808498
"Legislator 201",0.732887095718991,0.252983458488938
"Legislator 202",0.191911129642041,-2.03995193863422
"Legislator 203",1.18793599982569,-1.0614045754003
"Legislator 204",0.0339727102451261,0.307615660340878
"Legislator 205",-0.166799636542092,1.54670176126578
"Legislator 206",0.203339632363822,-0.317831747519467
"Legislator 207",-1.29405035484236,-0.471368420918888
"Legislator 208",-1.74444411922499,-1.3480189908172
"Legislator 209",-0.81085165799942,-0.387834065724469
"Legislator 210",-1.88127345838337,-0.0857095651726479
"Legislator 211",-1.52979336827852,-0.293617883922097
"Legislator 212",-1.38018226045073,-0.18386696670045
"Legislator 213",-1.39592828676433,-1.10001460770081
"Legislator 214",-0.806561779239632,0.515548425075058
"Legislator 215",-1.18137342762382,-0.701303384372353
"Legislator 216",0.554682078698189,-0.192999725990649
"Legislator 217",1.41656136684864,1.49851357544572
"Legislator 218",0.313868954641549,1.2179679431188
"Legislator 219",-0.200998766536788,-0.220197273851225
"Legislator 220",0.238516303649913,-1.07069171156785
"Legislator 221",0.792683369189979,-0.955169627664118
"Legislator 222",1.42640518559502,-1.567458309794
"Legislator 223",0.501312991652498,1.31224472145734
"Legislator 224",0.665234105806199,-1.95086236637896
"Legislator 225",-0.7926069940743,-0.737701743866065
"Legislator 226",0.660929364162581,1.09165306604038
"Legislator 227",-1.156259290189,-0.943703060476143
"Legislator 228",0.271977365734958,0.31754938901166
"Legislator 229",-0.125638988626331,0.528570059381936
"Legislator 230",-1.77451033710055,0.430637006665617
"Legislator 231",-0.677151500529534,-0.0577625717602435
"Legislator 232",-0.159858299848764,0.993650335525782
"Legislator 233",0.779899038563712,0.065371261673047
"Legislator 234",-0.251807158160732,-0.615052199981231
"Legislator 235",-0.645927126997918,-1.2955754161406
"Legislator 236",0.690887727811381,1.22505948689543
"Legislator 237",0.480586151779873,-1.5954525314883
"Legislator 238",1.37674090246463,-0.515577263189376
"Legislator 239",0.0233434490740306,0.541777354962507
"Legislator 240",0.372554247135529,0.5986998459732
"Legislator 241",-0.904628219154004,-0.339337353331848
"Legislator 242",0.428443139617945,-2.38771806702857
"Legislator 243",0.118730216714733,-0.971972403548924
"Legislator 244",0.0098102635066724,-0.0408776433942967
"Legislator 245",0.216419319929107,-0.412313742385148
"Legislator 246",-0.0455848130577522,0.196716722805143
"Legislator 247",-0.0320836564396389,0.524186068747729
"Legislator 248",-1.15273712247629,0.00951744111538579
"Legislator 249",-0.52162369516575,0.0580502504891835
"Legislator 250",0.801817688975585,-0.481926819106245
"Legislator 251",-0.538289644839664,0.240144590236106
"Legislator 252",0.635654215374733,-0.256037998817501
"Legislator 253",-0.274046810026812,-1.25178092236946
"Legislator 254",1.83271217794522,-0.58133377129814
"Legislator 255",0.443381262182543,-0.49780925962007
"Legislator 256",-1.85011546635107,0.434111959621453
"Legislator 257",1.15059221396147,0.732991107860891
"Legislator 258",0.162781365146915,0.345265838703959
"Legislator 259",0.00996407795631796,-1.45774949796524
"Legislator 260",-0.0727334356793652,-1.20748274236034
"Legislator 261",0.244318269506415,-1.85591242891745
"Legislator 262",0.264994777967577,0.311045307756716
"Legislator 263",-1.01551181197103,0.0393443521746958
"Legislator 264",-0.00985016628454539,1.11024932627309
"Legislator 265",0.504136954246661,-1.30524633729417
"Legislator 266",0.309927392714253,-2.17001107439728
"Legislator 267",0.940337033170371,-0.078209130203923
"Legislator 268",-1.79577568380088,0.533901351190428
"Legislator 269",0.687477645076418,1.26683615138184
"Legislator 270",-0.945742551368771,-0.616191708084313
"Legislator 271",1.4536655992658,0.0961652172732655
"Legislator 272",1.13369054685822,-0.988598861177393
"Legislator 273",0.498131139447022,0.945327955626908
"Legislator 274",1.22182037709798,-0.259747265397807
"Legislator 275",1.73743676935557,-0.76404599021508
"Legislator 276",-1.77471792995001,-0.40163258035714
"Legislator 277",0.103477019348318,-0.088962827093655
"Legislator 278",0.206463987113157,0.987374622294172
"Legislator 279",0.624677473187356,-0.232231491816876
"Legislator 280",0.654760083317705,0.763550987969385
"Legislator 281",0.973847107596228,-0.361559578766663
"Legislator 282",-1.58888378655886,-0.900162428367999
"Legislator 283",-1.10592756433979,-0.998909061535121
"Legislator 284",-0.533356019654585,0.52579243669237
"Legislator 285",0.629787855714515,1.33955975080712
"Legislator 286",1.3654462848537,-0.885975092374446
"Legislator 287",1.64253706989058,0.672809990534757
"Legislator 288",0.224612287762952,1.39599464273236
"Legislator 289",0.254855064349471,-2.05659405667856
"Legislator 290",1.08645920971459,-0.408405914445273
"Legislator 291",1.34581748749277,-0.835376774329837
"Legislator 292",0.293732342542837,-0.0580927618322554
"Legislator 293",0.11341707982434,0.474395077854026
"Legislator 294",0.358947247528096,0.0188583653902156
"Legislator 295",0.754850999078399,-1.3019607796073
"Legislator 296",-0.796564695075438,-0.500307482612419
"Legislator 297",-1.56377060885073,0.0855344880450597
"Legislator 298",0.63130427595389,-1.69099686388857
"Legislator 299",-0.462625388416439,0.685672148189243
"Legislator 300",0.0895211833855357,0.0472115115122227
"Legislator 301",0.168180162102354,-2.15100319839495
"Legislator 302",0.382001295635338,-1.90805359803303
"Legislator 303",-0.522388679593566,-1.69928882663058
"Legislator 304",1.04616861705709,-1.9244210188018
"Legislator 305",-1.71062558629636,-0.539454110922376
"Legislator 306",-1.35643513074694,-0.0546404802232113
"Legislator 307",0.128302181370236,-0.287341524316648
"Legislator 308",-0.478098283440988,-1.01653938960003
"Legislator 309",-0.551081608284302,-0.381677675441943
"Legislator 310",-2.1004729710625,-0.596208778712734
"Legislator 311",0.341312258179538,0.396075447094016
"Legislator 312",0.0328528975584071,-0.0106361377623006
"Legislator 313",1.30675323733871,-0.480494847007399
"Legislator 314",0.331024798625917,0.270177987406828
"Legislator 315",0.431331528686794,0.152117986694419
"Legislator 316",0.114964123163899,0.48810000931442
"Legislator 317",0.582520687298554,0.700188535608804
"Legislator 318",-1.09441967947641,0.0178917052524454
"Legislator 319",-1.91480946935484,-0.301877138636642
"Legislator 320",-0.341457797217286,0.309663792861631
"Legislator 321",-0.204147576549949,0.387770683434106
"Legislator 322",0.638691258907131,-1.19021690951254
"Legislator 323",0.917654363096524,-1.6145370088733
"Legislator 324",-0.45036080440924,-0.765834603555877
"Legislator 325",0.342630910030333,1.4181061699372
"Legislator 326",-1.52953716314375,-0.695307422992508
"Legislator 327",-0.627175888430101,1.19107091612996
"Legislator 328",0.667990555721279,0.858092444130033
"Legislator 329",-0.308698591662807,1.07849603546604
"Legislator 330",-1.63055872510884,0.204391525482217
"Legislator 331",0.678627431839853,-0.666139087307267
"Legislator 332",-0.125320978953404,-0.232512011599296
"Legislator 333",-1.12854968978384,-0.642964352234589
"Legislator 334",-1.10548591111453,0.192780276033213
"Legislator 335",-0.429398201794183,0.142401418554715
"Legislator 336",-1.62866210972053,0.654495099186584
"Legislator 337",-1.72224225688492,-0.357020130350179
"Legislator 338",0.1861107712388,0.92936759842836
"Legislator 339",0.751743071522988,-1.35379964024013
"Legislator 340",1.17227599929575,0.689033091126016
"Legislator 341",1.1499266453286,-0.77293553605606
"Legislator 342",0.665262974444048,-0.233879633986524
"Legislator 343",0.630038518886416,-0.822688811879308
"Legislator 344",0.385342605084427,1.00422299191042
"Legislator 345",1.14217716009513,-1.08382454056099
"Legislator 346",0.227526689440916,-0.182594243649182
"Legislator 347",0.042332801509224,-0.29641703828762
"Legislator 348",-0.992420004146426,-0.265687544976921
"Legislator 349",-1.69635319660726,-1.13116122624563
"Legislator 350",-1.19020180156646,0.0132028330707636
"Legislator 351",-1.13267114779286,-0.735988297835948
"Legislator 352",-1.75814220294372,-0.686343677697809
"Legislator 353",-1.07711117279465,-0.473849210502133
"Legislator 354",-1.73569849197388,0.130920025383154
"Legislator 355",1.54463141902112,0.523434494230746
"Legislator 356",1.57286935924405,0.590474087441427
"Legislator 357",1.46210201708737,1.16351986938433
"Legislator 358",0.557972932258871,-2.12196365351225
"Legislator 359",0.538385857957628,1.38915609617127
"Legislator 360",-1.70146513973061,-0.994787404146731
"Legislator 361",0.810494918741559,0.538531410669384
"Legislator 362",0.733672353290285,1.13578050300357
"Legislator 363",0.295758926562716,-0.545623878891537
"Legislator 364",0.401200001187808,-0.840415079158438
"Legislator 365",0.362117467924495,-1.94416982966568
"Legislator 366",0.359773046745236,-1.45430273333877
"Legislator 367",1.24068780061979,0.0813296398956018
"Legislator 368",0.596835756278005,-0.85746649513471
"Legislator 369",-0.008217960905707,-1.28959339448291
"Legislator 370",0.602658602114477,-1.74162320293974
"Legislator 371",0.431388615607883,-1.2524309174835
"Legislator 372",0.525136993623391,2.11710679332977
"Legislator 373",0.23506130000793,-0.355691800332401
"Legislator 374",-0.0567657392615693,-1.32210001843527
"Legislator 375",-1.64702268717652,0.0207771300653708
"Legislator 376",-0.106928489885195,1.47981588462991
"Legislator 377",0.457788062475959,-0.30114502810774
"Legislator 378",-1.69910177204474,-0.174755578919244
"Legislator 379",0.4522770842871,0.0432137391927873
"Legislator 380",1.85578615770036,-0.703423257086316
"Legislator 381",0.887423684293221,-0.605486649884709
"Legislator 382",0.368503082950589,0.417461494157487
"Legislator 383",-0.196693468600857,0.678292925472596
"Legislator 384",0.832482722419871,-0.0996206577559595
"Legislator 385",0.0271643170461489,-0.983685485403163
"Legislator 386",-1.08627024679977,-0.0738119889861673
"Legislator 387",-1.13691452479129,-0.727879263685057
"Legislator 388",-1.31026629615001,-1.18159338176983
"Legislator 389",-1.85563662792691,0.360980537105985
"Legislator 390",-1.37557553597103,0.658661030820679
"Legislator 391",-0.878047376227868,-1.16443980697407
"Legislator 392",1.38374954711512,-1.0981482876273
"Legislator 393",1.00240253680545,0.665347562781385
"Legislator 394",2.5242061481718,0.913832031480129
"Legislator 395",0.403964921843377,-0.0860868571654279
"Legislator 396",0.325295384685771,-0.490011055878685
"Legislator 397",-1.53760551749573,-0.599934612872025
"Legislator 398",1.35368248168749,-0.772079498325642
"Legislator 399",-0.215770903462108,1.45254907985468
"Legislator 400",0.884781245137811,1.2441940959454
"Legislator 401",-1.42698276113761,-0.278075664331474
"Legislator 402",-1.40130795586022,-1.09977822441699
"Legislator 403",1.1616007667691,-0.716995544115313
"Legislator 404",0.0639773236883351,-1.43660286574092
"Legislator 405",0.870411765871327,0.0519022888552892
"Legislator 406",0.136161233292393,0.877273515719795
"Legislator 407",0.659514822743238,1.26203655451343
"Legislator 408",-0.712639631492804,0.455086072391167
"Legislator 409",-1.5304553118536,-1.09700826352953
"Legislator 410",-1.83514721360067,0.159120119217631
"Legislator 411",-1.32920393388811,0.49641578916969
"Legislator 412",-2.25666649087593,-0.496421801834624
"Legislator 413",1.25727404358166,1.58341175020577
"Legislator 414",0.94358848199489,1.46525957985863
"Legislator 415",0.410036417967957,1.54540871134595
"Legislator 416",-0.167042903847613,-0.541915076238955
"Legislator 417",0.423187552204707,0.931890161024312
"Legislator 418",0.314915955817118,0.551907658165001
"Legislator 419",1.27991185355978,1.30498785316005
"Legislator 420",-1.52178314706527,0.907672670357523
"Legislator 421",1.32000984872243,-1.20248982652029
"Legislator 422",0.186813742782167,0.82462588320456
"Legislator 423",0.0361565008198447,-0.00160630430033302
"Legislator 424",0.356967005519411,0.466074372021304
"Legislator 425",0.367852842857865,0.178606119932989
"Legislator 426",0.292824316787822,-0.379782583916539
"Legislator 427",0.180174515474843,0.42061733152845
"Legislator 428",-0.838154497281524,0.219502856666318
"Legislator 429",-1.31750503914759,0.391587151821372
"Legislator 430",-1.38021744703691,0.121859449557745
"Legislator 431",-0.944754034558392,-0.593886409998881
"Legislator 432",1.87873919724753,0.762419280261666
"Legislator 433",0.760009142184522,-0.0363308284535377
"Legislator 434",-0.045108980544995,1.5213724895998
"Legislator 435",1.25924300500075,1.45119033832496
"Legislator 436",-1.42514130161212,-0.0766604974061636
"Legislator 437",1.10988706352541,-1.14801229141121
"Legislator 438",0.17853237557362,-0.0781482657849823
"Legislator 439",0.326172890305181,2.18320557138858
"Legislator 440",-1.02833276445738,-0.126775637578002
"Legislator 441",-1.67926049790068,0.205357509404817
"Legislator 442",0.886404191468472,0.122410478253682
"Legislator 443",0.452608074278331,-1.32147593428702
"Legislator 444",0.841967874475438,-1.59348730009662
"Legislator 445",0.180508488155832,-0.617804044830995
"Legislator 446",0.395070383146904,-1.09064547815702
"Legislator 447",0.362528298087062,-0.277886515250097
"Legislator 448",0.884431705130831,-2.04584161073018
"Legislator 449",-0.196662127367961,0.848037233802503
"Legislator 450",0.49368806784861,-0.21172106532927
"Legislator 451",-0.264827830091688,-0.0725757289830576
"Legislator 452",0.286461588558167,-2.22400657084617
"Legislator 453",0.260920004455631,-1.77853475225307
"Legislator 454",0.646517007850951,-1.66808499606914
"Legislator 455",0.800764252165077,1.11110169879807
"Legislator 456",0.364106242581969,0.197962398105201
"Legislator 457",0.980966251142263,-1.01105142284776
"Legislator 458",0.402414272873887,0.257663368979886
"Legislator 459",-0.0897464210151663,0.434532144704778
"Legislator 460",-0.126508761696517,0.896358935073402
"Legislator 461",-1.55419696022219,-0.187147341732927
"Legislator 462",0.498506813612868,-0.738080926606099
"Legislator 463",-1.28710255125216,-0.595193351867799
"Legislator 464",-0.693897569262617,-0.394677420049032
"Legislator 465",1.85686653604927,0.539011899614416
"Legislator 466",1.0182914909565,-0.386229129060714
"Legislator 467",0.652338798174448,-0.213587802318406
"Legislator 468",0.234779395465962,-1.89248001877521
"Legislator 469",0.992413578064864,0.524145709600888
"Legislator 470",1.08558419161302,0.885944831371185
"Legislator 471",1.2942851198122,1.85360460142603
"Legislator 472",1.64456683562665,-1.19464722483143
"Legislator 473",1.16924665361473,-1.18044290051642
"Legislator 474",1.08709113326692,1.79328898341091
"Legislator 475",0.537909740337336,-0.554095084851972
"Legislator 476",-0.186399804385246,-1.02321279837569
"Legislator 477",0.748860887068981,1.06732152785968
"Legislator 478",-0.576189237763913,0.974468031275635
"Legislator 479",0.0896960857658677,-1.39281757449987
"Legislator 480",0.346927696265043,-1.6045601716326
"Legislator 481",-2.12899481102462,0.605342211631545
"Legislator 482",0.693453201568925,-1.96016541544142
"Legislator 483",-0.847401540549475,0.270837457345216
"Legislator 484",0.579706281484439,-0.534995275204066
"Legislator 485",-0.0998085444651786,1.02739340493374
"Legislator 486",-1.27037568827339,0.529716133189092
"Legislator 487",0.766279812926456,1.27496137808364
"Legislator 488",0.446789901424081,1.83074474418638
"Legislator 489",-0.506360832894845,-0.744232266772986
"Legislator 490",0.842252899401823,-1.5532747901064
"Legislator 491",1.72278221790314,-1.06269662623476
"Legislator 492",1.84892140607949,-1.23648408957754
"Legislator 493",-0.0134050620587848,0.190588464695819
"Legislator 494",0.413841720349412,1.24217632539915
"Legislator 495",0.139032074083457,0.646277695467812
"Legislator 496",-1.35837598812207,-0.779616817343355
"Legislator 497",-1.21432832989448,-1.46302528289181
"Legislator 498",-1.59625000756897,-0.421191885142324
"Legislator 499",-1.46492392966542,-0.454025547528976
"Legislator 500",-1.21416754584565,0.144964596036155
"Legislator 501",1.01317131807855,0.0884942633178787
"Legislator 502",0.935600071461866,-0.748214036187327
"Legislator 503",0.0928680576135806,0.0776424478571784
"Legislator 504",0.701160477006222,-1.28574788213799
"Legislator 505",0.883751295541256,-1.9309438734848
"Legislator 506",0.00961214112238879,0.710689920691495
"Legislator 507",1.13661826782333,-0.828677168324186
"Legislator 508",0.167020158908692,-0.410021408192921
"Legislator 509",0.128844767008438,0.330809183532944
"Legislator 510",0.308450602193462,0.245611970709482
"Legislator 511",1.00497828056766,-0.391284903161878
"Legislator 512",0.801341517856098,1.72274626096604
"Legislator 513",0.817812295276338,-1.16539897056517
"Legislator 514",-0.318090120570852,-0.209378876064176
"Legislator 515",1.05195915526169,-0.632846458551582
"Legislator 516",-0.504591055534964,0.0328751394009181
"Legislator 517",0.1084066405414,0.315607456906048
"Legislator 518",0.102814978098532,-0.362469030066287
"Legislator 519",-0.326280005014352,-1.81826568932377
"Legislator 520",2.42061119459031,0.934986667287308
"Legislator 521",0.138454258910293,0.112421563380636
"Legislator 522",0.324695085031218,-0.877282026323787
"Legislator 523",-0.429034972179766,-1.17419702586886
"Legislator 524",-1.70503431792579,0.216967562856059
"Legislator 525",0.628583878377206,0.316321689694177
"Legislator 526",0.954101761297227,2.09117191103271
"Legislator 527",0.452458088569963,-0.643565504016814
"Legislator 528",0.201209462026902,0.231330853690559
"Legislator 529",0.413984891722069,0.330652709428965
"Legislator 530",0.951562557221558,-0.33589845931617
"Legislator 531",0.136608479990385,-1.14551038623145
"Legislator 532",-1.90803157596191,-0.428413940466761
"Legislator 533",-1.45238589560516,0.101687240262146
"Legislator 534",-0.736984841147241,-0.367939050815295
"Legislator 535",-1.78770453650148,-0.633722343372601
"Legislator 536",-1.24741845041921,-1.20064543957308
"Legislator 537",1.32113111605834,-0.564388271396351
"Legislator 538",0.46571394747901,-0.277081734292503
"Legislator 539",0.537922056437587,-1.03407139680701
"Legislator 540",0.759214340331016,-2.12832684781822
"Legislator 541",0.0307894795216579,-1.7568631079448
"Legislator 542",1.15147461899275,1.10138825424633
"Legislator 543",1.318398561633,0.570405026230279
"Legislator 544",0.342043497467746,0.960801219637821
"Legislator 545",1.41464076776349,0.940080025469935
"Legislator 546",1.06793573466101,-0.28723514059941
"Legislator 547",-1.52633626474614,-0.632015541178025
"Legislator 548",0.27892986131331,-0.186458666846458
"Legislator 549",0.983688214638481,-1.34145981303027
"Legislator 550",0.0903351508282708,1.71096469450323
"Legislator 551",0.495162626145909,-0.488264141631666
"Legislator 552",-0.0562199386726657,0.386251658219207
"Legislator 553",0.61227791176782,-2.12693675691254
"Legislator 554",0.338688067537286,-0.10890513925655
"Legislator 555",0.32167664387999,0.0939427952242631
"Legislator 556",0.339882099371095,0.249970951321927
"Legislator 557",0.868541299239379,-1.68847305034855
"Legislator 558",0.889632968403875,-1.61474262642139
"Legislator 559",0.320805121127818,-1.96896986313881
"Legislator 560",-1.7338161813061,-0.661767026649817
"Legislator 561",0.603762513202548,-0.396758330220798
"Legislator 562",-1.94665407765471,-0.128242569456775
"Legislator 563",0.134006884554505,1.11612782647388
"Legislator 564",0.0842253366584371,-0.246179797597486
"Legislator 565",0.21826380917003,-1.52681826292985
"Legislator 566",-0.387237732312149,-0.67328809240401
"Legislator 567",-0.200826841302521,0.87484347028141
"Legislator 568",0.371233604380375,0.15021130417543
"Legislator 569",0.78259345843752,-0.462059133570415
"Legislator 570",0.140296720056175,0.358884650782485
"Legislator 571",0.64768684277106,-0.381311545848028
"Legislator 572",0.555139299999346,0.401673567212447
"Legislator 573",0.421191218621963,0.873661850869439
"Legislator 574",-0.0303056990948132,0.820046609004163
"Legislator 575",-1.44254562263702,-0.788934064199512
"Legislator 576",1.31237340212971,1.12491189457388
"Legislator 577",1.69312647383755,-0.153261315913241
"Legislator 578",1.13101764609458,-0.573927150352711
"Legislator 579",0.932616561352166,0.800135301308566
"Legislator 580",0.278025582927415,-1.42695645138791
"Legislator 581",0.14759822180015,0.04446925767342
"Legislator 582",-0.0146418269706287,-0.099562876936484
"Legislator 583",0.183766166538035,0.540277571603637
"Legislator 584",0.68317175362637,-0.31453788070641
"Legislator 585",0.666208098588424,-0.455133313597538
"Legislator 586",-0.985995111948406,-0.624904692580351
"Legislator 587",0.293195907984751,0.567163375968021
"Legislator 588",0.0454778562307487,0.829853309584822
"Legislator 589",0.347327939211188,-1.06101844467786
"Legislator 590",0.319716848748691,-0.505166093085706
"Legislator 591",0.571926190225362,-2.442616049375
"Legislator 592",-1.82562048334304,0.221524197796437
"Legislator 593",-1.47509969954125,-0.310099228568115
"Legislator 594",-1.97355004959854,-0.0130680673089806
"Legislator 595",-0.343922356529811,0.67479575479235
"Legislator 596",1.44750934489454,-1.92748875642816
"Legislator 597",0.270218674880476,-2.26609854800718
"Legislator 598",0.238658404474224,0.303295492999006
"Legislator 599",0.706382938963779,2.28949335560137
"Legislator 600",-1.27109536718186,1.50553244049223
"Legislator 601",1.24806054252491,-1.77793826589854
"Legislator 602",1.30851230022132,-0.115165226862326
"Legislator 603",-1.64215355819369,-0.728372074462694
"Legislator 604",-0.738204212044433,-0.164128648561537
"Legislator 605",-1.41265177539683,-1.50560513893799
"Legislator 606",-0.918418909670077,0.716851417335219
"Legislator 607",-1.00326560257585,-0.990801511292055
"Legislator 608",-1.00431669889233,-0.707652838727897
"Legislator 609",-0.596875432730592,0.463373930103239
"Legislator 610",-1.32881101819559,-0.573989884278324
"Legislator 611",0.835333433017727,-0.000539590367810009
"Legislator 612",-1.39230697009358,1.14787643108173
"Legislator 613",-2.28953889258556,-0.50094074763184
"Legislator 614",0.572666465681441,0.109363612795722
"Legislator 615",0.926163260705492,-0.815297023013507
"Legislator 616",0.68981471192768,-0.481692249190596
"Legislator 617",0.546952922511064,-0.0039523878787316
"Legislator 618",0.0295536821199206,-1.94983283198052
"Legislator 619",0.787965927406652,0.667689666688239
"Legislator 620",-0.300812098761353,-0.915751479790129
"Legislator 621",1.17582362336433,-0.531329903300005
"Legislator 622",-1.36586934769665,-0.824087787584072
"Legislator 623",0.317719535314537,-0.180449982826522
"Legislator 624",0.67132096819883,1.41618042420652
"Legislator 625",0.198261419788316,1.23677415333325
"Legislator 626",1.02322080555229,-0.708239708692833
"Legislator 627",0.476416531568115,0.110606689241944
"Legislator 628",-0.3280103435794,-0.199636546815816
"Legislator 629",0.308802197619741,1.10394693960123
"Legislator 630",0.606537815635056,1.08514139416548
"Legislator 631",-0.790761779030334,-0.171160488875254
"Legislator 632",0.342341243804001,-0.117566573820808
"Legislator 633",0.30846026245366,-1.08297956012004
"Legislator 634",0.74792692746443,-0.0480839618933961
"Legislator 635",0.966389800375502,-1.37434822453813
"Legislator 636",0.0628779271241737,1.14973768918053
"Legislator 637",0.415295250947963,-0.155929662752073
"Legislator 638",0.125875779985823,0.495740139093632
"Legislator 639",-0.323673526858699,-0.646010926080342
"Legislator 640",-0.736288281741271,-0.388199513344759
"Legislator 641",-0.591952717575948,-0.00219470709756644
"Legislator 642",-1.19288836511081,-1.02353341815965
"Legislator 643",0.863430339701955,-0.37919339506294
"Legislator 644",0.871688430683942,-0.618490053393933
"Legislator 645",0.0683621120938758,0.471440113544213
"Legislator 646",0.088053407569831,0.418295101184933
"Legislator 647",0.835832580821696,-0.323194431399046
"Legislator 648",1.2908257684108,0.964815990386348
"Legislator 649",0.733712829528671,-0.395554189219723
"Legislator 650",1.0620296299032,0.0750356211811979
"Legislator 651",1.61537666591494,-0.545919623559596
"Legislator 652",0.278480763957645,0.275884001609532
"Legislator 653",0.629065652328766,-0.276788614151393
"Legislator 654",0.363931028018352,1.36139893906424
"Legislator 655",0.160025738762479,-1.41620742059195
"Legislator 656",0.429156187915434,-0.600509059443407
"Legislator 657",0.634347880937203,-0.228531136759965
"Legislator 658",0.585062098842467,-1.19291361841542
"Legislator 659",-1.04282800671616,0.366635585982282
"Legislator 660",0.607037170634568,-0.686338468344991
"Legislator 661",0.0739848563250299,-0.971598156499799
"Legislator 662",-1.52735584591894,0.0724502562961868
"Legislator 663",0.292079317822261,-1.17596387873789
"Legislator 664",0.175746867914872,-1.7617946325938
"Legislator 665",1.71402884103802,0.67342002301244
"Legislator 666",-1.00276997773429,0.193820870431809
"Legislator 667",-0.907200770588228,-0.833511958504945
"Legislator 668",0.689206611519191,1.18323636755581
"Legislator 669",-1.4316291185201,0.920776753730206
"Legislator 670",-1.97173487895436,-0.474404540696561
"Legislator 671",-1.89766076515682,0.496903238571484
"Legislator 672",0.983427111639554,1.24927801496098
"Legislator 673",1.04617727824647,0.456852068601459
"Legislator 674",1.6001011310398,-1.14259124153969
"Legislator 675",0.42734389283068,0.110982204393616
"Legislator 676",0.996801056925353,-1.59741243793398
"Legislator 677",1.10665974300972,-0.30226948084772
"Legislator 678",0.133518835078919,0.239117665586158
"Legislator 679",0.400317895867091,-0.173923823564476
"Legislator 680",0.343137925393955,0.545808811510642
"Legislator 681",0.528485324258632,0.00418416695022776
"Legislator 682",0.306759558004599,0.225952769489951
"Legislator 683",0.49411797106018,-1.07122911484977
"Legislator 684",-0.681903668390455,-0.212410760510126
"Legislator 685",-1.56715605298269,-0.460212043222305
"Legislator 686",-0.955019362665396,-0.576976567339348
"Legislator 687",-0.733270479148709,1.03406490612803
"Legislator 688",-0.712187644376499,-0.139412247958952
"Legislator 689",-1.16483522511716,0.160909040273715
"Legislator 690",2.1936245172325,1.2339959722183
"Legislator 691",1.95695108942146,0.812844603451601
"Legislator 692",1.20185619537731,1.05643588245627
"Legislator 693",0.883905252379981,-0.286669534993591
"Legislator 694",1.11848341411533,-0.212930031552764
"Legislator 695",1.14866388264395,0.911402251599607
"Legislator 696",-0.0315768830123815,-1.9889346149839
"Legislator 697",0.939147620047043,1.81461199359868
"Legislator 698",0.214228716169962,0.231648581848425
"Legislator 699",1.27177925068573,-0.714039365095245
"Legislator 700",-0.0145566162413755,-0.34510825863484
"Legislator 701",0.84829295585451,-0.0818036308223092
"Legislator 702",-1.23465531306554,-0.17108257527305
"Legislator 703",0.092402122110618,0.175720742628976
"Legislator 704",-0.343643554753725,-1.57298876474388
"Legislator 705",0.74461607253587,0.999299073310107
"Legislator 706",-1.64564838887238,0.196304632435178
"Legislator 707",-1.46961459364034,-0.318624574444976
"Legislator 708",-1.96528477920415,-0.039322937292138
"Legislator 709",-1.98685046882001,-0.213431128911667
"Legislator 710",0.909328933959211,-0.597429282376546
"Legislator 711",0.475185915864902,-1.77354567625485
"Legislator 712",-0.184235930228032,-0.741432766854615
"Legislator 713",0.958917077221181,1.35189617223474
"Legislator 714",-1.49302214835522,0.143408715831515
"Legislator 715",0.541912265353581,-1.81817560081527
"Legislator 716",-0.263271777893669,-1.49209525707301
"Legislator 717",0.270873060323476,0.0853789487444635
"Legislator 718",0.725465342772362,-1.80274607245476
"Legislator 719",0.702656225498801,-0.323255251065524
"Legislator 720",0.371437459943948,1.33872768884399
"Legislator 721",0.877416210129967,0.347318414473425
"Legislator 722",1.03450129399263,-1.52169059920975
"Legislator 723",0.883566370874765,-1.00126750860897
"Legislator 724",1.64998390889332,-0.815834652036908
"Legislator 725",-0.286420544271766,1.33480205236047
"Legislator 726",0.981720313938965,0.16655158642578
"Legislator 727",0.352205310910747,0.381952068951726
"Legislator 728",-0.132013294663994,-0.134237528861654
"Legislator 729",0.356158705454662,0.551779461935246
"Legislator 730",-1.53534215433808,-0.374183379421795
"Legislator 731",-0.71509491966459,0.206735952056983
"Legislator 732",-0.911550730996561,-0.0898611438560726
"Legislator 733",2.01997589807144,0.807392006186791
"Legislator 734",0.729943337257199,0.76474632816272
"Legislator 735",1.79115614266279,0.677847069285391
"Legislator 736",0.496204397891333,0.232401382566595
"Legislator 737",0.479142244955834,0.529630676477116
"Legislator 738",0.799304227908976,-0.393548625875591
"Legislator 739",0.907059623028995,1.66450209090546
"Legislator 740",0.0251637351344503,0.108734236257779
"Legislator 741",0.891577443330292,0.7646957400731
"Legislator 742",0.696384149545199,-1.46923012738875
"Legislator 743",-0.50657375660727,1.09696290152081
"Legislator 744",0.664834842698154,0.40192027658053
"Legislator 745",0.549365206062722,0.169513389998206
"Legislator 746",1.18580083222046,-0.34941033886898
"Legislator 747",1.10153838195712,-1.77821166147633
"Legislator 748",1.03588299886133,0.257118459678612
"Legislator 749",-1.46634540787259,0.0478447085524675
"Legislator 750",-0.0298865509117473,0.351403957849847
"Legislator 751",-0.899296738969377,-0.0151761474462662
"Legislator 752",1.19931935879888,-0.767206759797871
"Legislator 753",-0.698538903351948,0.416447630419248
"Legislator 754",1.94030892204569,0.471773352943994
"Legislator 755",-0.376230543996145,1.63861383900604
"Legislator 756",0.648632584044202,1.18507586452246
"Legislator 757",0.966833107835053,2.52737950811067
"Legislator 758",0.527050306049073,0.959527489811547
"Legislator 759",-0.0351477955969519,-1.17343097142889
"Legislator 760",-0.72710628354913,0.325591546652945
"Legislator 761",-1.74688364657657,-0.614578130108423
"Legislator 762",1.38516357743029,-0.869815211381825
"Legislator 763",1.24702287937556,-1.03041282076702
"Legislator 764",0.573870123574679,0.700968834045337
"Legislator 765",0.024409210200809,0.610314179178057
"Legislator 766",0.508147493530634,1.00541524838778
"Legislator 767",0.212019381064931,0.210325269155424
"Legislator 768",0.481192148498236,0.870495602499946
"Legislator 769",-0.352448355812113,-0.0168771588178213
"Legislator 770",-1.48373780495049,-1.18738909690507
"Legislator 771",-0.846290627441739,-0.996239233391871
"Legislator 772",-1.19911407631204,0.340265339740933
"Legislator 773",-1.41383271449454,0.00436565689781197
"Legislator 774",-0.509736311649457,-0.433704993599466
"Legislator 775",-1.63398084718884,-0.621976440665253
"Legislator 776",-1.55396777893342,0.509407896463818
"Legislator 777",1.82002100585937,0.945789326228748
"Legislator 778",0.965993959087127,-0.367881266357847
"Legislator 779",0.4453243439724,-0.274383480104976
"Legislator 780",0.4101076681616,-1.59857888068581
"Legislator 781",0.63971657023534,-1.30822886393858
"Legislator 782",0.883943328947827,-1.69035948950188
"Legislator 783",1.04827175117284,-0.749101293245257
"Legislator 784",0.950396019568698,-0.486357078011886
"Legislator 785",0.319451597986404,-0.362615511714538
"Legislator 786",0.57649168230005,0.254811260405119
"Legislator 787",0.425027216194651,-0.503670915250981
"Legislator 788",-0.132191717970065,0.256704238716744
"Legislator 789",0.146191936496296,0.0467621012838918
"Legislator 790",0.137401928788848,1.36035941679118
"Legislator 791",0.296113093180577,-2.79860592070195
"Legislator 792",-0.45722500714941,-0.233733775119777
"Legislator 793",-0.479917297530398,0.325462781205845
"Legislator 794",0.556792742092374,-0.422115776725477
"Legislator 795",0.300743736030706,-2.0014464323908
"Legislator 796",0.15827519668336,-0.541573066272265
"Legislator 797",-0.121400667379731,1.27028632682861
"Legislator 798",-1.61089867456201,-1.03360171291358
"Legislator 799",0.581852761025516,0.65504986496824
"Legislator 800",0.5323964542461,-0.031719873127818
"Legislator 801",0.628405213196652,-1.55117934521903
"Legislator 802",-2.14710042973176,0.131223393401371
"Legislator 803",0.226959358339733,-1.60954371204704
"Legislator 804",0.605105406691054,-1.01346079346305
"Legislator 805",0.421709046468431,-0.34242061457193
"Legislator 806",-0.126047456210979,0.671331995359755
"Legislator 807",0.240793271070794,0.805058627203674
"Legislator 808",-1.28925310127057,-0.788769646117051
"Legislator 809",-1.04553563886036,0.152712582208438
"Legislator 810",0.166014702579889,0.326786165094588
"Legislator 811",0.369509286802337,0.491955626191749
"Legislator 812",-0.0199588459870613,0.563727288515938
"Legislator 813",1.16633887561228,-2.08903037968902
"Legislator 814",1.12709341495376,-0.551638876726453
"Legislator 815",0.38570366781318,0.584314033371665
"Legislator 816",-0.192152075276689,0.069408523374236
"Legislator 817",0.126719936258372,0.881444031586329
"Legislator 818",0.304546792249269,0.231712049225279
"Legislator 819",0.433868305958646,-0.0412183087878652
"Legislator 820",-0.675076442446468,-0.0929112480708525
"Legislator 821",-0.375124453152812,0.471135295371904
"Legislator 822",-0.352748982173245,0.493163328801745
"Legislator 823",-1.97668836100972,-0.000254444733525014
"Legislator 824",1.01425172407894,0.85750422577261
"Legislator 825",1.63034600038694,-0.705692278137324
"Legislator 826",0.810314664449592,1.26421798145511
"Legislator 827",1.03340350442078,0.876972378048206
"Legislator 828",0.387334966450829,-1.46961059083904
"Legislator 829",0.84805319986073,1.51041637958764
"Legislator 830",0.725900900330493,0.465787768758041
"Legislator 831",1.09464455286441,1.36172961397379
"Legislator 832",0.21266191984295,0.547208980141073
"Legislator 833",0.659332913478501,0.867120761488273
"Legislator 834",0.934450104507478,-0.584310180265959
"Legislator 835",-0.178670402851179,0.503559449357797
"Legislator 836",0.534445463345205,0.459929433800932
"Legislator 837",1.08685629502132,0.260262765161793
"Legislator 838",-0.0763785172408426,0.376927326487036
"Legislator 839",0.373718574683833,0.184672053811248
"Legislator 840",0.525036819317333,1.40941008988399
"Legislator 841",0.571432391331011,-1.13449312160008
"Legislator 842",0.452914193819179,-1.40751016835286
"Legislator 843",0.0779744497716595,-1.14909252735931
"Legislator 844",-0.300864303761015,0.939421937966995
"Legislator 845",-0.53067897789646,0.604938888794841
"Legislator 846",-0.12788181362036,1.45433503440136
"Legislator 847",-1.36143058623548,-1.17235856332409
"Legislator 848",0.410609288031697,0.601041446884331
"Legislator 849",0.63225752325706,-2.25957161520485
"Legislator 850",-2.29337265567343,0.19199351138303
"Legislator 851",-0.325752069921286,0.678331326903281
"Legislator 852",0.626369676765031,-1.72743132077841
"Legislator 853",0.437627721070424,2.22182095876178
"Legislator 854",0.179951884539074,0.535368694494418
"Legislator 855",0.15300697143603,-1.51063812532951
"Legislator 856",1.00234596827359,-1.46403965476603
"Legislator 857",-1.82005026737482,0.487506646993439
"Legislator 858",1.08470992287424,0.120460201297117
"Legislator 859",1.51327231068854,-0.458096653014734
"Legislator 860",0.811465016053533,-0.552721712915219
"Legislator 861",0.317203031501319,0.315617069742547
"Legislator 862",0.418380071435043,0.228825664260332
"Legislator 863",0.210448064816311,0.907403146578728
"Legislator 864",0.241470631240035,0.434514750270463
"Legislator 865",0.374892264086666,0.789058763190994
"Legislator 866",0.899605554057082,-0.147359485322898
"Legislator 867",0.648805897570243,0.381412630234785
"Legislator 868",0.257663809280236,0.20188859290515
"Legislator 869",-1.17906766124903,-1.25710767678483
"Legislator 870",-0.870719831129445,-1.24754913063737
"Legislator 871",-0.381817852518763,0.592626163958999
"Legislator 872",-0.995056779409044,-0.541951035100169
"Legislator 873",-1.27577117343505,0.0245731870130982
"Legislator 874",-0.807854349455929,0.165771473958394
"Legislator 875",2.1980574045484,0.028146677808036
"Legislator 876",0.872788372203157,0.127759740187614
"Legislator 877",0.923463600819057,-0.26591113081334
"Legislator 878",1.44240928563809,0.960956579461635
"Legislator 879",0.0884803368531488,1.87760080557897
"Legislator 880",0.419517627807266,-1.16579078274977
"Legislator 881",0.83626787024985,1.64990842437341
"Legislator 882",0.919094565536004,-1.45556546219968
"Legislator 883",0.787621857727124,1.09025687642583
"Legislator 884",0.69749194203904,-0.050310706537355
"Legislator 885",-0.217821214030855,0.645916938771476
"Legislator 886",0.65651105399822,0.956597441202945
"Legislator 887",1.13261037648034,-0.269211505736838
"Legislator 888",-0.781360121087371,-0.0812505872783315
"Legislator 889",0.908361012864776,0.81581222161288
"Legislator 890",0.347690098432671,0.825483555402792
"Legislator 891",-0.100484616778663,0.431272384791866
"Legislator 892",-0.190469595568155,0.480964361213079
"Legislator 893",0.692116577671961,0.0291830377355772
"Legislator 894",-0.323101955125291,-1.20199715306678
"Legislator 895",0.0565808554928212,-1.03375865733932
"Legislator 896",-0.337619977508861,0.711495695599027
"Legislator 897",-0.302197249861103,0.850588085280002
"Legislator 898",0.192221975679699,-0.340838214213375
"Legislator 899",0.688912473669505,0.11897076988741
"Legislator 900",-0.224283695739904,0.562344238238417
"Legislator 901",-2.00870176128412,0.202242999736038
"Legislator 902",0.222458696531011,0.525543986386342
"Legislator 903",0.252026010785923,-1.83175146508506
"Legislator 904",0.236513996180828,0.0627106381728715
"Legislator 905",0.341132645268829,-0.530460904531222
"Legislator 906",-1.02394022316812,-0.712150521839502
"Legislator 907",0.292587998504766,0.370220134636019
"Legislator 908",-0.0584828088604251,1.38822998329742
"Legislator 909",0.799995818921147,1.61468814105307
"Legislator 910",-1.84559246140856,0.138475171752362
"Legislator 911",-1.41281444949635,0.219910187318294
"Legislator 912",0.666196598228308,0.346184842818011
"Legislator 913",0.0774545104890916,0.56540386737647
"Legislator 914",0.00564231555324092,0.44054126011171
"Legislator 915",0.0814102257052803,0.620344081038407
"Legislator 916",0.0845740345899419,0.783980064506945
"Legislator 917",0.14103222900443,-1.38314410535237
"Legislator 918",-1.94623786562697,-1.11615525995108
"Legislator 919",-1.50106536194561,0.85375651345557
"Legislator 920",-0.872542866454036,-0.162708200981703
"Legislator 921",-0.709129333664564,0.476152292915059
"Legislator 922",-1.85867270373147,1.82190063301168
"Legislator 923",0.851064196150406,0.108024886423712
"Legislator 924",0.0787499754040613,0.516906735982134
"Legislator 925",0.642609555770348,0.850596381202759
"Legislator 926",0.736425943881404,-0.654894144347707
"Legislator 927",0.848937679828599,-1.77586425900093
"Legislator 928",-0.102876798909223,-1.44324484277605
"Legislator 929",0.50990321348861,-1.18593918358873
"Legislator 930",0.762771275629522,1.3132581197213
"Legislator 931",1.17278554507479,0.397592829945973
"Legislator 932",0.179019383747661,-0.849405767024584
"Legislator 933",1.25081003290727,0.988524896680074
"Legislator 934",0.962125448059803,1.29545936431728
"Legislator 935",1.39366021269876,-1.16709736102838
"Legislator 936",1.15504210513162,-1.47999412028663
"Legislator 937",0.746897793798023,-0.828154866162157
"Legislator 938",0.220685201123596,0.128561555868395
"Legislator 939",0.51114619947027,0.387718030617801
"Legislator 940",0.739865974465435,-0.727291816942286
"Legislator 941",0.961374118104725,1.63463270724778
"Legislator 942",-2.0084508039679,0.124076685421224
"Legislator 943",1.08186633964817,-0.795674851607136
"Legislator 944",0.155089117242824,-0.0998235201890828
"Legislator 945",0.101638872147,0.736756863093838
"Legislator 946",0.518862418332682,-1.10695050827245
"Legislator 947",-0.692173741345618,-1.91916308978962
"Legislator 948",0.935136631786737,-1.7008490028469
"Legislator 949",0.3474101968089,-0.139481303602203
"Legislator 950",-1.56930181639483,-0.649116202369453
"Legislator 951",0.492073548848592,0.0450683549552561
"Legislator 952",-1.82038019281152,-0.745526528320791
"Legislator 953",-0.717182450959958,1.19332186986865
"Legislator 954",2.02153485587159,0.831055187786214
"Legislator 955",0.357645889860579,-1.30887252074877
"Legislator 956",0.700208070324519,-0.120000661731507
"Legislator 957",0.323185834198238,0.280588836018128
"Legislator 958",0.0772556903196867,0.262545724424593
"Legislator 959",0.379488491477505,-0.379333622000938
"Legislator 960",-1.62027105127674,0.977773016983285
"Legislator 961",-0.851008141008515,-0.678361289904435
"Legislator 962",-1.96428252783519,0.194684518987129
"Legislator 963",0.012686082263073,0.997937623083686
"Legislator 964",-1.00556586811803,0.167378288780618
"Legislator 965",-0.999838858604583,0.158484857189269
"Legislator 966",-1.33784304752817,0.457918484069084
"Legislator 967",0.358637648773539,0.691362292295924
"Legislator 968",1.11337060959477,1.76396905628757
"Legislator 969",1.27873521253883,-0.26797574467128
"Legislator 970",1.14490005830092,-0.115152354285089
"Legislator 971",0.87421736619524,-0.674951160887596
"Legislator 972",0.0043510802048959,-0.286679381776105
"Legislator 973",0.280808259934483,0.0683028591835154
"Legislator 974",0.181542105661339,0.504990868442576
"Legislator 975",-0.0476582427847973,1.12051254626515
"Legislator 976",-0.397100906794498,-0.229092213649145
"Legislator 977",-0.957166720612416,0.403114047219598
"Legislator 978",-0.975724579249115,-0.0316444517128161
"Legislator 979",-1.70865992178495,0.315651388482152
"Legislator 980",-0.916334277577733,0.0837960854458412
"Legislator 981",-1.40469282892719,-0.783828630784381
"Legislator 982",-1.18324736497548,-0.534076192655241
"Legislator 983",-1.4213102138384,-0.762507222634662
"Legislator 984",-1.31346425210326,-0.224438628424714
"Legislator 985",-1.2923303055974,0.627248738877762
"Legislator 986",-1.58238264974746,-1.07480121218502
"Legislator 987",-1.07953907685058,-0.976083871174862
"Legislator 988",-0.829992586761332,1.19402232028328
"Legislator 989",-1.50915448522468,-0.176226498958612
"Legislator 990",-1.57113803886514,0.240244532650988
"Legislator 991",1.59894989942502,1.43682766194044
"Legislator 992",1.3237633189299,0.320815607539004
"Legislator 993",0.482269589606529,0.323148317020555
"Legislator 994",0.305029307736245,1.07676369254667
"Legislator 995",0.672499413336458,-1.04864537322139
"Legislator 996",0.2544378028063,-1.01948931681162
"Legislator 997",0.299400757093598,-0.221038331545595
"Legislator 998",0.166718286495475,0.628358277629901
"Legislator 999",-0.575994343620477,-0.15801065506221
"Legislator 1000",0.499249061804057,2.41266742305925
"Legislator 1001",0.172823442663583,0.536458549627936
"Legislator 1002",0.147185621720576,0.392734856369979
"Legislator 1003",0.375942159435445,-2.13378143453035
"Legislator 1004",0.822596137738244,1.0725178497584
"Legislator 1005",0.651875342941445,0.779932439819085
"Legislator 1006",0.388870183878974,-0.152026486520128
"Legislator 1007",1.3138032231132,-0.991710998965837
"Legislator 1008",0.519453302808583,-1.17844136079039
"Legislator 1009",0.375995523644667,0.568037537588418
"Legislator 1010",0.1485975147993,0.341088470983012
"Legislator 1011",0.185426580478485,-0.341105481875173
"Legislator 1012",0.524257199482533,0.340132798276991
"Legislator 1013",0.658836781070721,-0.00451260909814742
"Legislator 1014",-0.32655210530756,-0.736386547802614
"Legislator 1015",-1.93972732285868,-1.04313817337505
"Legislator 1016",0.629000667478804,0.240552426025252
"Legislator 1017",1.14934652462062,1.21922855069421
"Legislator 1018",-1.23570854572742,0.840484159521203
"Legislator 1019",0.621341580032051,-0.354524204878217
"Legislator 1020",0.615538373997839,-0.00610595098113083
"Legislator 1021",1.16614432698577,-0.491359750025207
"Legislator 1022",-0.183385611351249,0.570589845653414
"Legislator 1023",0.579252767831847,-0.0235872188497283
"Legislator 1024",0.451372768800156,-0.0528479225467041
"Legislator 1025",0.118999723081042,0.690504651280387
"Legislator 1026",0.332611103294797,0.793008615313701
"Legislator 1027",-0.168816911891484,0.415453530977805
"Legislator 1028",0.28486625697859,0.886020558549734
"Legislator 1029",0.159839041282261,-0.0645009153980457
"Legislator 1030",-0.0978945972818556,0.895840992885753
"Legislator 1031",0.283279669429703,0.890931553154333
"Legislator 1032",-1.56366919023483,-0.501192755999236
"Legislator 1033",-0.0106468320221771,-0.0156923207639323
"Legislator 1034",-1.07553377685214,0.953220141684267
"Legislator 1035",-1.95526087367491,-0.307456532158154
"Legislator 1036",-0.848602981243031,-0.113279841294432
"Legislator 1037",-1.07838892136672,-0.0946749969610396
"Legislator 1038",1.78095844424476,1.07636281162278
"Legislator 1039",2.1811387871923,1.26841384261019
"Legislator 1040",0.160578299076052,-0.815336372203603
"Legislator 1041",1.3115795664351,-0.776009143968544
"Legislator 1042",1.14671550087009,-1.14165702948949
"Legislator 1043",1.28330591056724,0.313356258006226
"Legislator 1044",0.63345191214976,1.01547321767763
"Legislator 1045",-1.08181069642219,-0.126456110770958
"Legislator 1046",0.98742943358683,-0.309447957743117
"Legislator 1047",1.55971420368908,-1.31884360299549
"Legislator 1048",1.29344577698989,-1.18251440090653
"Legislator 1049",-0.00615545970371441,0.433795803921809
"Legislator 1050",0.862465893077738,-0.0234471740695933
"Legislator 1051",0.180807544849509,0.550468421497255
"Legislator 1052",0.291750348104245,1.89918652922653
"Legislator 1053",0.738354805055591,1.4910609346236
"Legislator 1054",-0.191585518187808,0.900886825314866
"Legislator 1055",0.779447797576591,0.559289035360721
"Legislator 1056",-0.074380084751478,-1.46723907461652
"Legislator 1057",-1.35944357248771,-0.794505640827134
"Legislator 1058",-1.04231624760115,0.394350813541372
"Legislator 1059",-0.262543607322856,1.0621084774342
"Legislator 1060",0.148391856957953,0.512767950498719
"Legislator 1061",-1.53374797751464,0.8253971722047
"Legislator 1062",-0.561890496045627,-1.19709257423315
"Legislator 1063",-0.193023241769755,-0.0476191556675858
"Legislator 1064",0.302838577919607,-0.893895910293634
"Legislator 1065",-0.0265575594767243,-1.93186810972963
"Legislator 1066",0.877646112874201,-2.231255378045
"Legislator 1067",-1.83607291394866,0.377718336467155
"Legislator 1068",-1.15927072040253,1.10447937974404
"Legislator 1069",0.627068914153239,0.95558040850022
"Legislator 1070",-0.532954496979081,0.399287202634243
"Legislator 1071",-1.5437291186547,0.318566844242362
"Legislator 1072",0.1062491105013,-0.634849007635209
"Legislator 1073",-0.0114760551043135,1.13467673207563
"Legislator 1074",0.242292099039072,-1.32756112641557
"Legislator 1075",0.348354037258022,-2.14446278082843
"Legislator 1076",0.558293281421458,-1.27026782714364
"Legislator 1077",0.00815850527722204,0.265775368881851
"Legislator 1078",0.0725885431230477,0.158708178042095
"Legislator 1079",1.53363559870434,-1.29014121883485
"Legislator 1080",0.00302344027690683,0.255875157882345
"Legislator 1081",0.0618192647998582,-0.130171177412071
"Legislator 1082",0.255025331753481,0.713123278633087
"Legislator 1083",-0.59715099947211,0.18615907177913
"Legislator 1084",0.760784912177108,1.14249800926904
"Legislator 1085",0.460064309037653,0.535038188454771
"Legislator 1086",-1.6280821745877,-0.606381613424798
"Legislator 1087",-1.49657396292751,-1.20344337975288
"Legislator 1088",-0.846038651715654,0.819745310288033
"Legislator 1089",-0.139460637022381,0.339124683111419
"Legislator 1090",0.438039150409373,0.119637860581456
"Legislator 1091",0.440941579510982,0.613764138661516
"Legislator 1092",0.0232003423686275,1.52198627289125
"Legislator 1093",0.85698077787899,-0.592293614166274
"Legislator 1094",0.741307022009719,0.715926502255214
"Legislator 1095",0.426658351148183,0.81069532569975
"Legislator 1096",-0.119946679146907,0.0375912034187985
"Legislator 1097",-0.201700358491299,1.17711882726356
"Legislator 1098",1.32524157015665,-1.22018465313413
"Legislator 1099",1.49322777575133,-0.302523027683749
"Legislator 1100",1.32931805648199,-1.54062614841642
"Legislator 1101",0.398454255680485,-1.96874127068673
"Legislator 1102",0.266724545987492,0.929573681245672
"Legislator 1103",-0.177947545729276,0.488701100434164
"Legislator 1104",0.405194954175772,1.12193849010847
"Legislator 1105",0.636930738264473,1.47701372823099
"Legislator 1106",0.594685616932005,1.13810159780734
"Legislator 1107",-0.0599143472945965,0.987018923768776
"Legislator 1108",0.427527556330674,-1.45185199358843
"Legislator 1109",0.736813104432983,-2.2493344238643
"Legislator 1110",-1.05779672910343,-0.0311547199498827
"Legislator 1111",-0.0574987445799262,0.995534771993789
"Legislator 1112",-0.609436390221378,0.166865669699655
"Legislator 1113",-0.473939597470595,0.483547606302184
"Legislator 1114",-0.872226426133668,0.271132226814775
"Legislator 1115",-1.30096371140036,0.0756562745667857
"Legislator 1116",-1.44521183036097,0.182365908208332
"Legislator 1117",0.0919925366097911,-1.13416709908455
"Legislator 1118",-2.04962655788793,-0.085110397728605
"Legislator 1119",0.271755650784265,-0.868038776812341
"Legislator 1120",-1.67822059684807,0.459867699679285
"Legislator 1121",0.106577790990221,-0.358514516211127
"Legislator 1122",0.102096186449657,0.165054056702278
"Legislator 1123",0.340599516068679,0.252561165520951
"Legislator 1124",0.212371555894741,0.823396117896601
"Legislator 1125",-1.26778830162086,-0.093696254354058
"Legislator 1126",1.48514486412551,-0.689880133659936
"Legislator 1127",-1.14776999294855,0.429857001345655
"Legislator 1128",1.10572751635797,-0.748570266481851
"Legislator 1129",-0.0312168013066175,0.349293467073247
"Legislator 1130",0.32728942995037,0.621931374296905
"Legislator 1131",0.252192765987368,0.453233980122392
"Legislator 1132",0.595168770932945,-0.0386719255463691
"Legislator 1133",-0.941890482996237,0.265521524471124
"Legislator 1134",-1.31975547831974,-0.186797890888978
"Legislator 1135",-0.943719101806054,0.47299353700179
"Legislator 1136",-1.46855696399565,0.309395828436055
"Legislator 1137",-1.42646907298406,-0.967345221505123
"Legislator 1138",1.07967667485199,-0.634144326436015
"Legislator 1139",0.359305277771288,0.567284637133501
"Legislator 1140",1.06915959944694,0.000667090423610958
"Legislator 1141",0.872765873827551,0.934017024961053
"Legislator 1142",0.729839804553243,-1.36305197610763
"Legislator 1143",0.845509915022663,-0.992364641587887
"Legislator 1144",0.297028735583379,-1.67967971425063
"Legislator 1145",0.384521938789186,0.471960846507326
"Legislator 1146",0.435077410144319,0.104747765288387
"Legislator 1147",0.634669763780357,0.0403564229239472
"Legislator 1148",0.180903910974401,0.357726949554685
"Legislator 1149",0.0776123598290266,0.513772183026756
"Legislator 1150",-0.268943244400872,0.674780630210226
"Legislator 1151",-0.407645662518061,-0.364948256532509
"Legislator 1152",-1.13064842428411,-0.254440995902453
"Legislator 1153",1.18263864593767,1.88823701318928
"Legislator 1154",0.403774661621959,0.0876960742110478
"Legislator 1155",0.275971191294036,0.192222404007836
"Legislator 1156",0.404790448104311,1.25724950066961
"Legislator 1157",0.606492205349445,-0.0712675266003575
"Legislator 1158",-0.38128505768247,0.33921002094534
"Legislator 1159",0.603040796983109,0.072511895929974
"Legislator 1160",0.366468367503215,0.0150469699393135
"Legislator 1161",0.353807086688251,0.250886240939158
"Legislator 1162",0.126551874562634,0.771826441039326
"Legislator 1163",0.356322567795548,0.936023617539164
"Legislator 1164",-1.57818224420383,0.2872732249036
"Legislator 1165",-0.759325813766724,0.24671592699896
"Legislator 1166",-1.04426130817496,0.026329134081426
"Legislator 1167",-1.101547367389,-0.309200272397791
"Legislator 1168",-0.563246338850209,-0.744302997636229
"Legislator 1169",0.312603182073691,0.611221913455059
"Legislator 1170",0.349483653339762,-0.558703802683249
"Legislator 1171",0.454114510209264,0.150486207122276
"Legislator 1172",0.629427241075949,-0.395760683851556
"Legislator 1173",-1.13412269434999,-0.0695094275922394
"Legislator 1174",0.513479452492892,0.237776443215396
"Legislator 1175",-0.816876697159813,-0.715394390943437
"Legislator 1176",0.791816381112293,-1.66565820823815
"Legislator 1177",0.373901078542585,0.302609544571849
"Legislator 1178",0.162852351160345,0.538140982676415
"Legislator 1179",1.26080515472797,-0.507950819632061
"Legislator 1180",0.317674814134217,0.437812146028446
"Legislator 1181",0.420519400869896,0.456592532510379
"Legislator 1182",-0.190906733696554,0.727621627858292
"Legislator 1183",0.348129461612887,0.525456514364415
"Legislator 1184",-0.807740336466669,-1.00451844551468
"Legislator 1185",-0.847774533379627,0.52291517663566
"Legislator 1186",-0.942834058552902,0.0201721554918987
"Legislator 1187",-0.458060944050766,0.109860244081269
"Legislator 1188",0.357581061716756,0.829466855882757
"Legislator 1189",1.22643603704521,-0.650683355771147
"Legislator 1190",1.27335240375092,0.271559227853651
"Legislator 1191",0.290046254505546,0.212021435125694
"Legislator 1192",0.162056940997627,0.988168949108865
"Legislator 1193",0.33873299204238,-2.01109205943629
"Legislator 1194",1.02465500299458,0.689971671719806
"Legislator 1195",1.25993341088369,0.411712604561568
"Legislator 1196",0.620983355723655,0.182561683177606
"Legislator 1197",1.35404949093822,-0.486166632489314
"Legislator 1198",-0.199881879364539,0.169813784897192
"Legislator 1199",0.215708167064574,0.629321072159291
"Legislator 1200",0.401678813844308,-0.0522540499208931
"Legislator 1201",0.695234754945443,-1.12284729461586
"Legislator 1202",-1.0088716441756,2.03356193492233
"Legislator 1203",1.14402297272996,1.61590984023973
"Legislator 1204",0.390605913470335,0.530715660610035
"Legislator 1205",-0.164163805498189,0.361578149236209
"Legislator 1206",-1.45955052247774,0.502012953541355
"Legislator 1207",0.207681389666333,-1.70011581052665
"Legislator 1208",0.835017592128792,2.01821298471034
"Legislator 1209",0.266559056233989,-1.6303397821607
"Legislator 1210",-1.65525074523627,0.465995034762848
"Legislator 1211",0.773514296908523,0.253161745312583
"Legislator 1212",0.187562935781323,0.419882162733504
"Legislator 1213",1.20993580595949,1.44380869761171
"Legislator 1214",0.708205432397078,1.53356534994082
"Legislator 1215",2.48162197063439,1.17348803710539
"Legislator 1216",0.861863179716655,-1.4618965505797
"Legislator 1217",1.15923343434598,-0.723536164362005
"Legislator 1218",2.09398218725328,-0.727497229314793
"Legislator 1219",0.256786537486902,0.476811801633394
"Legislator 1220",0.142298766389768,0.24011803408043
"Legislator 1221",0.331746781905128,0.996160463367655
"Legislator 1222",0.80591072055694,0.257915674958666
"Legislator 1223",0.47651597913095,-0.121248217265696
"Legislator 1224",0.763781002051945,0.495078165499753
"Legislator 1225",0.343269224403969,0.86438919514057
"Legislator 1226",0.280582336338659,0.0924179716566935
"Legislator 1227",0.42094585376738,0.331398344452044
"Legislator 1228",0.00429288701042147,-0.486569350238643
"Legislator 1229",0.0259080779789358,0.704724607483114
"Legislator 1230",-1.46194463357438,-0.213288573418662
"Legislator 1231",-1.1120089510776,-0.471871776843911
"Legislator 1232",-0.410217508062376,-0.671655627355508
"Legislator 1233",-0.981105652016555,0.320494061910328
"Legislator 1234",0.506840099550926,1.5368071900354
"Legislator 1235",1.12921678967913,-1.42732246558937
"Legislator 1236",1.50250677071439,-0.870185948178479
"Legislator 1237",1.56848684681176,-0.896285176720536
"Legislator 1238",-0.0313220520765753,-0.248323890470511
"Legislator 1239",1.34373491162245,0.85234230659198
"Legislator 1240",0.721911584376247,-0.76319381717484
"Legislator 1241",0.32100198278865,0.228948321618879
"Legislator 1242",0.370230817888198,0.432265346850054
"Legislator 1243",0.153064032975732,0.274324696297677
"Legislator 1244",0.613955569873861,0.252558899186424
"Legislator 1245",0.849126524059316,0.328986607872407
"Legislator 1246",-1.10649585372245,1.36944644754209
"Legislator 1247",0.460809177306526,1.15389892922422
"Legislator 1248",0.812495809329412,1.05657855959907
"Legislator 1249",-1.5208273499582,-0.387436006136583
"Legislator 1250",-0.398133397824839,-0.423755827339776
"Legislator 1251",-0.59678134021966,0.0586419848449128
"Legislator 1252",0.259564926646663,-0.616046071444199
"Legislator 1253",-0.409824395451205,0.103535148647792
"Legislator 1254",-0.916696816938109,0.742204735988531
"Legislator 1255",0.454611939030203,0.137109350080051
"Legislator 1256",0.0877843723086305,0.296380305515837
"Legislator 1257",0.459657994195505,-1.59618042626932
"Legislator 1258",0.85359662226062,1.72822383432172
"Legislator 1259",-0.149491846853029,0.347136707023328
"Legislator 1260",-1.1301709416961,1.26027030068744
"Legislator 1261",-0.248177034868394,1.00849646265743
"Legislator 1262",0.737648319343924,-0.931510267853164
"Legislator 1263",0.168063039078608,0.703454788632778
"Legislator 1264",-1.38374417874377,0.135631829849052
"Legislator 1265",0.756024851368153,0.068378909545642
"Legislator 1266",0.993467279172803,-0.62896967291219
"Legislator 1267",1.50182602919982,-1.4165601948625
"Legislator 1268",0.0985615642240511,0.217736410546308
"Legislator 1269",0.0337012244880439,0.47687069582652
"Legislator 1270",0.0398507871377224,0.157042188706092
"Legislator 1271",0.558489193985753,0.380294850900626
"Legislator 1272",-0.253954450170805,0.186577245283398
"Legislator 1273",-1.53272413233288,-0.542591656295895
"Legislator 1274",0.224618897603337,0.481156453635605
"Legislator 1275",-0.22894499767386,-0.160309704809682
"Legislator 1276",-0.907498029259128,-0.20688558865696
"Legislator 1277",-0.999069707619549,0.82010669710378
"Legislator 1278",-0.949649401087774,0.0954264214718486
"Legislator 1279",-1.38424286506338,0.813104265292241
"Legislator 1280",-1.62202183018087,-1.37810354279723
"Legislator 1281",-1.44042291208587,-0.2695846646009
"Legislator 1282",0.418517885108883,-0.609462227489005
"Legislator 1283",-0.232911738974257,-0.18042155033612
"Legislator 1284",0.467804791674168,0.23647384841246
"Legislator 1285",0.0317675137382102,0.970908492436625
"Legislator 1286",0.395217377919694,0.206579791851386
"Legislator 1287",-1.26473911384087,-0.156650974879811
"Legislator 1288",0.0707026987686762,0.919603792352551
"Legislator 1289",0.325999468074924,-1.39451385291688
"Legislator 1290",1.27098745888793,-0.897455056214501
"Legislator 1291",0.300995568986666,1.35150408726326
"Legislator 1292",0.542532176874812,1.04416330697298
"Legislator 1293",0.81376526589079,0.552782909562758
"Legislator 1294",0.181372327265736,0.0680549640289005
"Legislator 1295",0.543393745334916,0.385764842607618
"Legislator 1296",0.378559226226183,-0.37252988667954
"Legislator 1297",-0.270293538889726,-1.21126680158517
"Legislator 1298",0.626098352704143,2.04500870695972
"Legislator 1299",-0.722529624279217,0.626131621503092
"Legislator 1300",0.426092098642332,-0.0263462468859102
"Legislator 1301",0.550232762312032,0.211870886105679
"Legislator 1302",-0.0792925534744052,-0.445117127402705
"Legislator 1303",-1.43019494882352,-0.695857679271818
"Legislator 1304",-0.00946485112122987,-0.238479818780759
"Legislator 1305",-0.254697407764811,0.376702668139338
"Legislator 1306",-0.0142329356468183,0.194645523928648
"Legislator 1307",0.959070034283352,1.45636938127312
"Legislator 1308",1.08173017884837,-0.843248779050125
"Legislator 1309",0.742008237313062,-0.0937865619500514
"Legislator 1310",1.56857963225057,-0.532668594183824
"Legislator 1311",0.578229439666681,0.267744353823233
"Legislator 1312",0.214350311178361,0.330969764701305
"Legislator 1313",0.304276568180276,0.54143676031507
"Legislator 1314",0.255836883999744,0.374717036368237
"Legislator 1315",-0.0124241102823364,0.107720046462174
"Legislator 1316",-1.50923631586908,-1.06996384711776
"Legislator 1317",-1.30934597421864,-0.452159915570322
"Legislator 1318",-1.1914527489633,-0.100636947203753
"Legislator 1319",-1.19688828530916,0.0839278260442361
"Legislator 1320",2.12273352821606,1.25655999975016
"Legislator 1321",0.805195202789182,1.84372231200942
"Legislator 1322",-0.0668262611061593,-0.677807656204283
"Legislator 1323",0.495252545755988,1.42141418957288
"Legislator 1324",0.533681625108683,0.455768007414821
"Legislator 1325",-0.128206262023056,0.463372248318264
"Legislator 1326",-0.652722107446721,-0.242136558457962
"Legislator 1327",0.246731011352414,-0.368165795683442
"Legislator 1328",0.390943525366788,-0.000217393683602161
"Legislator 1329",0.644717998177008,0.147120342336081
"Legislator 1330",0.958903994679057,1.76060483948037
"Legislator 1331",0.393979189743229,1.54112002685512
"Legislator 1332",0.781765844780468,1.74777091924809
"Legislator 1333",0.325058407282059,1.53460783229423
"Legislator 1334",0.716354467663016,1.11481085604065
"Legislator 1335",0.306507934923963,0.75419492171967
"Legislator 1336",-0.0517594626163464,0.452280604870517
"Legislator 1337",-0.933349165202205,-1.15830405658935
"Legislator 1338",0.55709239748919,1.14887153455839
"Legislator 1339",-0.677893210150563,0.211591375366946
"Legislator 1340",-0.818098163891437,-0.84127516107022
"Legislator 1341",0.671761539123429,-0.224404371038591
"Legislator 1342",-1.84151399097917,0.228996080309391
"Legislator 1343",0.753943322152598,-1.56590190548718
"Legislator 1344",0.161286325610576,-0.150688518688049
"Legislator 1345",0.516770552700497,0.152660755951794
"Legislator 1346",0.291725630895433,0.604084357102836
"Legislator 1347",-1.68693017361275,0.559733603259228
"Legislator 1348",-0.290439222442973,-0.500718845441668
"Legislator 1349",-0.208398698136579,1.17573691347524
"Legislator 1350",0.481000416053554,-0.696788361396182
"Legislator 1351",0.587293694592302,0.711876748220602
"Legislator 1352",-1.86833099051529,0.848478216501024
"Legislator 1353",0.0629555599218899,0.63206685325861
"Legislator 1354",-0.356891475156449,0.508930746518229
"Legislator 1355",-0.0666790631692023,1.17983401739709
"Legislator 1356",-0.388456874539175,0.935709617657018
"Legislator 1357",0.204086163934222,0.247409436019587
"Legislator 1358",-0.906617451910094,1.48012210380631
"Legislator 1359",-1.94695927792234,0.511402329766139
"Legislator 1360",-0.60786253170713,-0.0162313518070036
"Legislator 1361",2.46097255489939,0.818550202154026
"Legislator 1362",1.24909285835862,0.35929111380085
"Legislator 1363",-0.413303310751362,1.26223019336943
"Legislator 1364",0.0671397254489125,-0.683755318720637
"Legislator 1365",-0.224709589611264,-0.895877634946795
"Legislator 1366",0.482372870645963,-1.15750552531423
"Legislator 1367",0.100226351399319,-0.040420105179747
"Legislator 1368",0.147187921359922,0.560634100060613
"Legislator 1369",-1.51646768915706,0.600339224093774
"Legislator 1370",-1.05733097871626,-0.514961918417141
"Legislator 1371",0.819088971446688,0.00839203201725732
"Legislator 1372",-0.223389452191329,-0.566408458395647
"Legislator 1373",-0.951949152198242,-0.388501266278602
"Legislator 1374",-1.06081667936859,0.0647800475623628
"Legislator 1375",1.15418629063692,0.720064210213405
"Legislator 1376",0.546312986031371,1.24619846696757
"Legislator 1377",0.13521293997026,-0.435102803298534
"Legislator 1378",0.276936484201533,-0.317950405037229
"Legislator 1379",-1.06522890317192,-0.099350908108349
"Legislator 1380",-0.893851687786811,0.190226094544977
"Legislator 1381",0.0621259720926751,0.477860490172042
"Legislator 1382",0.0610306319348358,0.225812986228974
"Legislator 1383",-1.08296122991291,-0.16146836495976
"Legislator 1384",-1.10027865075751,0.558038547433564
"Legislator 1385",0.252756151440428,0.339705110559369
"Legislator 1386",0.664132985840947,-0.607817730612262
"Legislator 1387",-1.4440121931435,-0.375156040697271
"Legislator 1388",1.33051358129747,0.540619567870015
"Legislator 1389",-0.948224856288859,0.113903633326622
"Legislator 1390",-1.65673026571037,0.315601963456507
"Legislator 1391",0.122991723194197,-0.186911110706824
"Legislator 1392",0.695337592820447,-1.77654871378164
"Legislator 1393",0.0442438707229309,0.0670530995605127
"Legislator 1394",-0.141060743045216,0.823295740551697
"Legislator 1395",-1.54213732183541,0.740870250117022
"Legislator 1396",0.930895106098098,0.127572963779943
"Legislator 1397",-0.0400590155586014,0.643006509544153
"Legislator 1398",0.480107106324643,0.301256096666533
"Legislator 1399",-0.0780878929006135,-0.356550279224884
"Legislator 1400",-0.222854013302795,-0.307957609204201
"Legislator 1401",-1.23406049655484,-0.517318270106762
"Legislator 1402",-1.50435518806632,-0.43123600578623
"Legislator 1403",-1.3706608366376,-0.197666790367395
"Legislator 1404",-1.48728278305506,-1.00036694815799
"Legislator 1405",1.46622045347238,0.572717981139972
"Legislator 1406",-0.138026734405724,-0.355469800967469
"Legislator 1407",0.918960091223528,0.695834686306553
"Legislator 1408",0.721660952709888,0.6389867404011
"Legislator 1409",0.767975518431648,0.484800992202104
"Legislator 1410",1.20790171814184,0.785961083632777
"Legislator 1411",-0.946113260863948,0.588809480945273
"Legislator 1412",-0.0186205280170353,0.889406907445652
"Legislator 1413",1.513246818797,-0.203520436598814
"Legislator 1414",-0.673516724172806,0.343851740140096
"Legislator 1415",0.698282646690294,1.78060941205699
"Legislator 1416",0.583587369134372,0.841178037044857
"Legislator 1417",0.376133098452402,1.22708440737426
"Legislator 1418",0.211895637998425,-0.507697234081324
"Legislator 1419",0.891662314314845,-0.294564691226706
"Legislator 1420",-0.806637552868422,0.502701461423952
"Legislator 1421",1.321215168665,-0.821169073281441
"Legislator 1422",-1.14783965719338,1.01886156751408
"Legislator 1423",-0.766422526180377,0.0928239178476236
"Legislator 1424",-1.0661878208619,0.242849886366371
"Legislator 1425",0.310924646770529,-0.339287538106596
"Legislator 1426",-0.144576126868386,-0.303937664662734
"Legislator 1427",0.285224870045635,1.120990374243
"Legislator 1428",-0.891452250013902,0.715011625906801
"Legislator 1429",0.201546952517189,0.536351549296279
"Legislator 1430",0.108357094718879,0.956714119818576
"Legislator 1431",0.30396773495931,-0.346482523037562
"Legislator 1432",-0.728596075581394,-0.199777730414186
"Legislator 1433",-1.31625851728583,0.220097982647153
"Legislator 1434",-1.08861738532037,0.499875817092382
"Legislator 1435",-1.05667918480845,-0.257462228738721
"Legislator 1436",0.975715238334459,1.16950529822111
"Legislator 1437",0.523920541262576,0.920625034605807
"Legislator 1438",0.577682256623521,0.164515777418002
"Legislator 1439",0.0833024992034036,0.700809784239702
"Legislator 1440",-0.0174092576603551,1.31454877144871
"Legislator 1441",0.111845447416928,0.591238354279757
"Legislator 1442",-1.32010669246206,0.721176143926674
"Legislator 1443",0.969425867899577,1.78934889124449
"Legislator 1444",1.23633866386027,-1.16943587155172
"Legislator 1445",0.872249532277509,0.175730361041966
"Legislator 1446",-1.32076063251648,0.263185954263248
"Legislator 1447",0.898084655269115,0.359057908901875
"Legislator 1448",-0.278438490496251,0.261131462180736
"Legislator 1449",0.290081579615203,0.586430647723367
"Legislator 1450",-0.195339747398788,0.450513014131561
"Legislator 1451",0.868444020743188,1.29531222998708
"Legislator 1452",-0.468699901844508,0.703343162185395
"Legislator 1453",0.677810136037251,0.976253302464655
"Legislator 1454",0.38488402306922,2.09539714998598
"Legislator 1455",0.6300917748563,-1.70321352099768
"Legislator 1456",-1.82655160006802,-0.493704684016363
"Legislator 1457",1.24154975453622,-1.13860254919488
"Legislator 1458",0.353965824232554,0.517727624163449
"Legislator 1459",0.755138114390133,0.147474951382319
"Legislator 1460",-1.93975943577222,0.252524879724162
"Legislator 1461",-1.193058431586,-0.265871359378765
"Legislator 1462",0.672562637831974,-0.225300071307819
"Legislator 1463",0.0560299117485233,-0.239830185726524
"Legislator 1464",0.887953018256767,1.5222876385162
"Legislator 1465",-0.0112749623092411,-0.239751350179686
"Legislator 1466",-0.0236533318965053,-0.41416178576185
"Legislator 1467",-1.34483425992626,-0.434867357079551
"Legislator 1468",0.14358342944309,0.0485508480473104
"Legislator 1469",-0.079781751202327,0.742548533351351
"Legislator 1470",0.194181226768298,1.65740202812488
"Legislator 1471",-0.518408875940847,0.106403618650205
"Legislator 1472",0.0241563691371249,1.86316458786662
"Legislator 1473",0.755145065046606,0.429024651197105
"Legislator 1474",0.114550408304516,1.2618794006207
"Legislator 1475",0.408220325280281,0.468624266318559
"Legislator 1476",-1.13698176722964,-0.529747700021803
"Legislator 1477",-1.36420954035719,0.130677852092687
"Legislator 1478",-0.0238069579528874,0.748392474055612
"Legislator 1479",-0.405259660028534,-0.370612394780985
"Legislator 1480",0.693566702859374,0.785733737665233
"Legislator 1481",-0.892529875866317,1.38238734457039
"Legislator 1482",0.825662303410405,1.02530685813315
"Legislator 1483",-1.13947160559562,0.362595019699153
"Legislator 1484",0.763648216071654,-0.185596192982061
"Legislator 1485",0.730252822548649,0.146207785558487
"Legislator 1486",-1.55486060740929,0.158199480895089
"Legislator 1487",-0.49882648541472,-0.00490121649446273
"Legislator 1488",-0.145552224355755,-0.00580714823769066
"Legislator 1489",0.65386086394914,-0.010775215638499
"Legislator 1490",0.495175976525554,0.844633217137076
"Legislator 1491",-1.29311707606577,-0.080115806372457
"Legislator 1492",-1.55254212269582,-0.557931832259506
"Legislator 1493",-1.80184686512228,0.842723951707279
"Legislator 1494",0.808676023189852,-0.704464294926274
"Legislator 1495",0.13962702391743,0.841916645302231
"Legislator 1496",-0.61860635519779,-0.0543674904836526
"Legislator 1497",1.01722041371634,-0.256149766444249
"Legislator 1498",0.0596048224709296,0.105238427679099
"Legislator 1499",-0.0590732363593958,-1.27657638569436
"Legislator 1500",-1.27490395474942,-0.675038273639442
"Legislator 1501",-0.519136233777971,0.554001281738745
"Legislator 1502",-0.231603707561491,-0.274401502069216
"Legislator 1503",0.88673086937661,0.321202859447308
"Legislator 1504",-1.44505567836561,-0.0682895745711894
"Legislator 1505",-1.47790657336003,-0.82529492729735
"Legislator 1506",0.19955675250727,1.28249072446681
"Legislator 1507",-2.15068492016899,0.12516348383524
"Legislator 1508",-1.6204786682233,-0.0904526928046402
"Legislator 1509",-0.58119385060161,0.870580272516185
"Legislator 1510",0.281540802362861,0.00390214650073427
"Legislator 1511",0.33988514979038,-0.114708918958588
"Legislator 1512",-0.61042990118777,1.43682949127264
"Legislator 1513",-1.73260741862479,-0.176447419514491
"Legislator 1514",-0.545892542544859,-0.0744856614764593
"Legislator 1515",0.473212114008476,-1.28774096921343
"Legislator 1516",0.751697900878596,-0.954301640855241
"Legislator 1517",0.474697848458716,-1.49315258735525
"Legislator 1518",-1.28276430118301,-1.06813229005093
"Legislator 1519",0.415839485271153,-0.119807776477288
"Legislator 1520",-1.1533527550325,-1.3854474570624
"Legislator 1521",0.916003098456511,1.30892632302885
"Legislator 1522",-1.53483428326779,0.465560121380594
"Legislator 1523",-1.07511193180425,-0.180865786882107
"Legislator 1524",-0.757406359931887,0.569862972728724
"Legislator 1525",-1.51422087516113,0.469808186551729
"Legislator 1526",-1.78349973010277,-0.592046389464964
"Legislator 1527",-0.152617604992834,0.45587824598205
"Legislator 1528",-1.81512325627571,0.416636373710854
"Legislator 1529",-1.64700238876655,-0.272942589883584
"Legislator 1530",-1.27889584797208,0.4822950404558
"Legislator 1531",-0.382152686772018,-0.0900974284416385
"Legislator 1532",-2.10568371699664,0.295972055494753
"Legislator 1533",-1.40871044538547,1.26370845688095
"Legislator 1534",0.791366244717935,1.64767950865412
"Legislator 1535",0.350704623150881,-0.941379891814778
"Legislator 1536",-0.015667368288512,0.765150975038349
"Legislator 1537",-1.50358995221482,-1.04863731547458
"Legislator 1538",-1.399346037115,0.61144948755788
"Legislator 1539",1.82082189773285,0.455214655224816
"Legislator 1540",0.972336227444451,0.482888319344479
"Legislator 1541",-0.419849636182309,-0.792515710333211
"Legislator 1542",0.400053617999068,0.302036473853755
"Legislator 1543",-1.61051422797473,0.140801881724781
"Legislator 1544",-2.04397091171042,0.679322852580005
"Legislator 1545",0.205271562081461,1.59469476875993
"Legislator 1546",-0.734363048748714,-0.0533425883142731
"Legislator 1547",-1.8730764279587,0.906145419635856
"Legislator 1548",-0.022051855132253,0.31850288719362
"Legislator 1549",-1.69419810348055,-0.350329354528351
"Legislator 1550",0.337996024173275,0.748028857757823
"Legislator 1551",-1.80404624067537,-0.281637793892773
"Legislator 1552",-2.2001798652102,-0.144810604509684
"Legislator 1553",1.29088732444829,0.39089324352303
"Legislator 1554",-1.70831050259522,-0.838906390654997
"Legislator 1555",-1.8969968006404,-0.177507573848277
"Legislator 1556",0.967234634116473,-0.0448121373839813
"Legislator 1557",1.30003362864183,-0.558059557272302
"Legislator 1558",-0.786349656616013,-0.154209710975392
"Legislator 1559",-0.345550588985612,0.597880577650736
"Legislator 1560",-0.0669923700223546,0.849575951093883
"Legislator 1561",0.412988241149695,0.806359215454521
"Legislator 1562",-0.667853321331847,-0.404977451961385
"Legislator 1563",-0.988601015534717,0.361265238505847
"Legislator 1564",0.194527473538187,1.05100028020526
"Legislator 1565",0.422679719970196,1.19910733503588
"Legislator 1566",-0.933950181547537,-0.559589140143184
"Legislator 1567",-0.615704640202767,0.080386052738068
"Legislator 1568",1.30981148107158,-0.23821565784719
"Legislator 1569",-1.33778464449437,-0.304654710838382
"Legislator 1570",0.249020542220893,-1.61239939141259
"Legislator 1571",0.173126930995461,-1.0797416245344
"Legislator 1572",1.0727025297011,0.849488884776842
"Legislator 1573",0.911875227520732,0.715894024174849
"Legislator 1574",0.0272576068222124,0.0518954223229765
"Legislator 1575",0.868126029007439,1.3975225945556
"Legislator 1576",-0.940327683750497,0.612238250648773
"Legislator 1577",-0.285954492768751,0.727094535443547
"Legislator 1578",0.615021062531696,1.27578881639867
"Legislator 1579",-0.469139753061958,0.04983171391808
"Legislator 1580",-0.290606236395677,-0.502972334538278
"Legislator 1581",-1.16336515747436,0.831096997242196
"Legislator 1582",0.998034964966751,-0.340157630023551
"Legislator 1583",0.45590048633662,-0.367700832577849
"Legislator 1584",-1.38195553741284,0.0571936425614131
"Legislator 1585",0.0847109481815496,0.675115785864122
"Legislator 1586",-1.11811265465331,-0.333880051061351
"Legislator 1587",-0.41266658373953,0.173284194712808
"Legislator 1588",-1.42730037054895,1.09065001662403
"Legislator 1589",-1.26616362618344,0.770724054836306
"Legislator 1590",-0.0505311071669079,-0.726462158423254
"Legislator 1591",0.0772556781995972,-0.337149434026057
"Legislator 1592",-0.933616826505189,0.380768424974718
"Legislator 1593",1.96410734884002,1.19851406545814
"Legislator 1594",-0.48369702178078,0.0181759312111267
"Legislator 1595",-0.106563128383261,-0.0377671185247448
"Legislator 1596",0.121851833344033,0.425448487370115
"Legislator 1597",0.285067387226747,-0.121063745587439
"Legislator 1598",-0.74522707062167,-0.0858435651281068
"Legislator 1599",0.42083658194996,1.46515934642456
"Legislator 1600",-1.26946345051215,-0.906737038084746
"Legislator 1601",-0.815733375000677,0.214564499424417
"Legislator 1602",-0.381930660868351,0.415945019470012
"Legislator 1603",-0.164911853468944,0.41858736334255
"Legislator 1604",0.763022916833067,1.83996521023629
"Legislator 1605",-0.844759227493027,0.488140226442616
"Legislator 1606",0.583303824686275,0.125921173602161
"Legislator 1607",0.0970900616147636,-0.299589056600473
"Legislator 1608",-0.719781241658895,0.0146925941627516
"Legislator 1609",-1.33325296900548,0.804747620374822
"Legislator 1610",0.309808921621934,0.718316462769799
"Legislator 1611",-1.46949693264896,0.63819795748744
"Legislator 1612",-0.838969726698379,0.410663004702011
"Legislator 1613",0.0876402365450458,1.72422794399387
"Legislator 1614",0.233465272031707,1.13495717913746
"Legislator 1615",0.694768367181361,0.98403661114343
"Legislator 1616",-0.874863693401575,1.05413884848899
"Legislator 1617",0.798371267725481,1.71771764610732
"Legislator 1618",-1.06620277124799,0.0534266172980526
"Legislator 1619",-1.48854817789795,1.16619338043663
"Legislator 1620",-0.339702614063478,-0.228813198104848
"Legislator 1621",0.0315984628732087,1.25836148805713
"Legislator 1622",0.185216174410746,-0.492298290449669
