"","correctYea","wrongYea","wrongNay","correctNay","GMP","PRE","spread1D","spread2D","midpoint1D","midpoint2D","beta","weight1D","weight2D"
"1",33,1,1,139,0.938204765319824,0.941176470588235,-0.440964937210083,0.642100155353546,0.584138035774231,-0.342660069465637,19.0723628997803,0.615893483161926,0.558558583259583
"2",106,3,1,44,0.864030241966248,0.914893617021277,-0.223209589719772,-0.514420330524445,-0.474551647901535,-0.136435985565186,19.0723628997803,0.615893483161926,0.558558583259583
"3",120,1,1,44,0.937087893486023,0.955555555555556,-1.52647984027863,-0.18149022758007,-0.526479840278625,-0.321161925792694,19.0723628997803,0.615893483161926,0.558558583259583
"4",94,0,1,73,0.963769137859344,0.986301369863014,-1.07307982444763,-0.256827861070633,-0.07307980209589,-0.303536713123322,19.0723628997803,0.615893483161926,0.558558583259583
"5",69,10,6,81,0.758119583129883,0.786666666666667,0.266643702983856,-0.21926511824131,-0.178672477602959,0.0747793763875961,19.0723628997803,0.615893483161926,0.558558583259583
"6",98,1,0,67,0.945472538471222,0.985294117647059,-1.3071129322052,0.0690910369157791,-0.307112991809845,-0.463503658771515,19.0723628997803,0.615893483161926,0.558558583259583
"7",47,1,0,121,0.95721971988678,0.978723404255319,1.56142592430115,-0.20821550488472,-0.561425864696503,-0.627772927284241,19.0723628997803,0.615893483161926,0.558558583259583
"8",20,6,1,140,0.933132648468018,0.666666666666667,-0.170000016689301,-1.64767944812775,0.385532915592194,0.702059149742126,19.0723628997803,0.615893483161926,0.558558583259583
"9",114,5,0,39,0.853728413581848,0.886363636363636,-0.214856281876564,-0.475731283426285,-0.571802079677582,-0.100962303578854,19.0723628997803,0.615893483161926,0.558558583259583
"10",119,3,0,58,0.894557416439056,0.950819672131147,0.463961601257324,0.393042773008347,0.233061254024506,0.2174491584301,19.0723628997803,0.615893483161926,0.558558583259583
"11",49,0,1,131,0.947539985179901,0.98,-0.105592764914036,-1.6791980266571,0.670529544353485,0.481548309326172,19.0723628997803,0.615893483161926,0.558558583259583
"12",21,6,1,126,0.920410871505737,0.681818181818182,0.190000057220459,1.06154334545135,-0.417996615171432,-0.42721751332283,19.0723628997803,0.615893483161926,0.558558583259583
"13",64,3,11,95,0.7369065284729,0.813333333333333,-0.212109312415123,0.238652378320694,0.153375700116158,0.0231536664068699,19.0723628997803,0.615893483161926,0.558558583259583
"14",56,1,4,117,0.852952897548676,0.916666666666667,-0.214370980858803,0.475346952676773,0.386746942996979,-0.140134796500206,19.0723628997803,0.615893483161926,0.558558583259583
"15",141,0,0,31,0.983697772026062,1,-1.646200299263,0.905714511871338,-0.688216745853424,0.112178720533848,19.0723628997803,0.615893483161926,0.558558583259583
"16",84,3,6,80,0.895472228527069,0.891566265060241,1.01022887229919,-0.0406470261514187,0.0102288369089365,0.177719861268997,19.0723628997803,0.615893483161926,0.558558583259583
"17",101,3,2,53,0.866175651550293,0.910714285714286,-0.366681754589081,-0.351835548877716,-0.320965200662613,-0.181458920240402,19.0723628997803,0.615893483161926,0.558558583259583
"18",83,17,10,70,0.751254737377167,0.689655172413793,0.105711810290813,0.436813861131668,-0.0416648089885712,0.0719163045287132,19.0723628997803,0.615893483161926,0.558558583259583
"19",139,1,0,31,0.970876336097717,0.96875,1.40289711952209,-0.408452570438385,0.40289717912674,0.0377654433250427,19.0723628997803,0.615893483161926,0.558558583259583
"20",75,1,1,91,0.96312290430069,0.973684210526316,1.09868538379669,0.281646072864532,-0.0986854061484337,-0.227897986769676,19.0723628997803,0.615893483161926,0.558558583259583
"21",112,5,9,48,0.795421898365021,0.735849056603774,-0.200468823313713,0.349746197462082,-0.537803411483765,0.189364343881607,19.0723628997803,0.615893483161926,0.558558583259583
"22",66,0,3,96,0.942978143692017,0.956521739130435,-0.0888468325138092,1.6909590959549,0.438690662384033,-0.155491709709167,19.0723628997803,0.615893483161926,0.558558583259583
"23",4,12,0,142,0.954861581325531,-2,0.539999961853027,0.833080947399139,-0.606074154376984,-0.512846231460571,19.0723628997803,0.615893483161926,0.558558583259583
"24",88,0,0,82,0.959790050983429,1,-1.00583708286285,-0.827502191066742,0.0239787176251411,-0.00476996367797256,19.0723628997803,0.615893483161926,0.558558583259583
"25",35,3,3,122,0.899921119213104,0.842105263157895,-0.249823600053787,0.812565743923187,0.637396574020386,-0.363609969615936,19.0723628997803,0.615893483161926,0.558558583259583
"26",82,0,3,88,0.934068858623505,0.964705882352941,-0.0926610678434372,1.58679831027985,0.0121068982407451,0.00629393523558974,19.0723628997803,0.615893483161926,0.558558583259583
"27",78,2,3,84,0.932295382022858,0.938271604938272,1.01224291324615,0.142912685871124,0.0122429095208645,-0.0421232357621193,19.0723628997803,0.615893483161926,0.558558583259583
"28",103,1,5,58,0.916226983070374,0.898305084745763,0.0990205183625221,-1.61197221279144,0.607381045818329,-0.264613658189774,19.0723628997803,0.615893483161926,0.558558583259583
"29",97,0,2,68,0.938538551330566,0.970588235294118,-1.21686720848083,-0.185250729322433,-0.216867253184319,-0.54099053144455,19.0723628997803,0.615893483161926,0.558558583259583
"30",28,1,2,140,0.958892703056335,0.9,1.62953901290894,-0.210503488779068,-0.68420422077179,-0.0139182480052114,19.0723628997803,0.615893483161926,0.558558583259583
"31",100,4,7,46,0.902794480323792,0.78,-0.07890734821558,1.43808448314667,-0.0194327235221863,0.249223574995995,19.0723628997803,0.615893483161926,0.558558583259583
"32",153,1,0,23,0.970297992229462,0.958333333333333,1.52363312244415,0.167723312973976,0.523633122444153,0.794274091720581,19.0723628997803,0.615893483161926,0.558558583259583
"33",47,1,0,113,0.958639025688171,0.978723404255319,1.57407474517822,-0.217073827981949,-0.575424194335938,-0.45319402217865,19.0723628997803,0.615893483161926,0.558558583259583
"34",33,0,0,128,0.952851593494415,1,-0.130187898874283,-1.48896920681,0.818500757217407,0.559480249881744,19.0723628997803,0.615893483161926,0.558558583259583
"35",27,0,3,141,0.920064926147461,0.9,0.47898280620575,-0.456661760807037,-0.702939808368683,0.158456176519394,19.0723628997803,0.615893483161926,0.558558583259583
"36",31,0,0,134,0.922819018363953,1,-0.34492102265358,0.667257964611053,0.636468231678009,-0.353089064359665,19.0723628997803,0.615893483161926,0.558558583259583
"37",46,0,0,121,0.967156648635864,1,1.53817534446716,-0.28679096698761,-0.538175404071808,-0.534760296344757,19.0723628997803,0.615893483161926,0.558558583259583
"38",107,0,2,65,0.932167172431946,0.969230769230769,0.064530223608017,-1.8102605342865,0.711297810077667,-0.219554841518402,19.0723628997803,0.615893483161926,0.558558583259583
"39",80,0,1,82,0.94633549451828,0.987654320987654,-0.796730875968933,-0.606228053569794,-0.064621776342392,-0.0974012166261673,19.0723628997803,0.615893483161926,0.558558583259583
"40",80,9,9,90,0.826549112796783,0.797752808988764,-0.0193861573934555,-0.802646636962891,0.00666161859408021,0.0422610118985176,19.0723628997803,0.615893483161926,0.558558583259583
"41",80,1,1,88,0.965630948543549,0.975308641975309,-1.03852188587189,-0.502224147319794,0.038521908223629,-0.0258749313652515,19.0723628997803,0.615893483161926,0.558558583259583
"42",78,4,1,87,0.912925481796265,0.936708860759494,-0.107664912939072,1.09088158607483,0.113087221980095,-0.0656692534685135,19.0723628997803,0.615893483161926,0.558558583259583
"43",66,1,1,103,0.93081134557724,0.970149253731343,-1.19392478466034,-0.272288829088211,0.193924784660339,0.355287879705429,19.0723628997803,0.615893483161926,0.558558583259583
"44",118,13,1,41,0.813804686069489,0.740740740740741,-0.162740141153336,-0.469160556793213,-0.528693497180939,-0.138238653540611,19.0723628997803,0.615893483161926,0.558558583259583
"45",105,1,3,50,0.91190642118454,0.92156862745098,0.050000011920929,1.76623380184174,-0.176500454545021,0.286812841892242,19.0723628997803,0.615893483161926,0.558558583259583
"46",77,0,2,83,0.93723452091217,0.974683544303797,-0.0917558446526527,1.53092992305756,0.0106927938759327,0.0117365373298526,19.0723628997803,0.615893483161926,0.558558583259583
"47",81,9,1,71,0.803789615631104,0.875,-0.515389323234558,0.133398979902267,0.00689559616148472,0.150815322995186,19.0723628997803,0.615893483161926,0.558558583259583
"48",83,2,2,78,0.931740641593933,0.95,-0.0610089190304279,1.6422506570816,-0.110643498599529,0.0982883647084236,19.0723628997803,0.615893483161926,0.558558583259583
"49",43,2,2,109,0.902945935726166,0.911111111111111,-0.232762664556503,0.758177936077118,0.475989371538162,-0.305281341075897,19.0723628997803,0.615893483161926,0.558558583259583
"50",86,0,0,90,0.974933803081512,1,1.00064325332642,0.474681675434113,-0.000643225328531116,-0.220193907618523,19.0723628997803,0.615893483161926,0.558558583259583
